id,title,abstract,final_decision
52,The Power of\&nbsp;Training: How Different Neural Network Setups Influence the\&nbsp;Energy Demand,"This work offers a heuristic evaluation of the effects of variations in machine learning training regimes and learning paradigms on the energy consumption of computing, especially HPC hardware with a life-cycle aware perspective. While increasing data availability and innovation in high-performance hardware fuels the training of sophisticated models, it also fosters the fading perception of energy consumption and carbon emission. Therefore, the goal of this work is to raise awareness about the energy impact of general training parameters and processes, from learning rate over batch size to knowledge transfer. Multiple setups with different hyperparameter configurations are evaluated on three different hardware systems. Among many results, we have found out that even with the same model and hardware to reach the same accuracy, improperly set training hyperparameters consume up to 5 times the energy of the optimal setup. We also extensively examined the energy-saving benefits of learning paradigms including recycling knowledge through pretraining and sharing knowledge through multitask training.",
60,The Energy Efficiency Research of\&nbsp;Code for\&nbsp;Numerical Simulation of\&nbsp;Plasma Physics Problems,"Last ten years the top performance of the fastest high-performance systems in the world increased more than thirty times. The energy efficiency of high-performance calculations became the most important because of the growth of carbon footprint from supercomputers. In this work, we will show the energy efficiency research of our plasma physics code. We propose the supercomputer's carbon footprint value for typical plasma physics problem calculations as well as the method for evaluation of the power rate of the HPC code. We also provide information about the difference in energy efficiency between the AVX2 and AVX512 autovectorized programs.",
71,What A Waste,"The immense demand for high performance computational resources has led to large increases in the energy consumption of data centers. Higher energy use tends to correlate with more waste heat being produced. This waste heat is often discarded, but it is a valuable resource that many data centers are starting to reuse for many different applications. In this paper we propose the Heat Reuse Factor (HRF) metric to quantify a data center's heat reuse approach. We then propose and define the Green Supercomputing Ratio (GSR) metric to determine the efficiency of a facility based on the HRF value and the amount of CO2 emissions that are offset in accordance with green energy practices. Several examples of how to use the proposed metrics for varying heat reuse opportunities are covered using values for a Theoretical and a Practical data center. The resulting HRF and GSR values are provided to illustrate how HRF and GSR can be used to design more efficient data centers in the future.",
77,Adaptive Carbon-Aware Scheduling Policies for\&nbsp;HPC Systems,"In response to growing energy costs and carbon emissions, High Performance Computing (HPC) operators are looking for new strategies to reduce their footprint while maintaining operational efficiency. A direction is to optimize job scheduling in terms of energy and resource usage through the integration of new techniques such as speed scaling or power capping. However, the carbon footprint of an HPC platform can highly vary depending on when the jobs are executed because of the fluctuations of CO2 rates, which depends on the available energy resources and current demands. In this work, we explore the potential impact of incorporating CO2 rates in scheduling decisions. We introduce several policies that adjust dynamically in response to CO2 rate variations and expected job energy requirements. We propose two prediction models to help anticipate future CO2 rates evolution and potential energy consumption of submitted jobs. We evaluate these policies within a simulated HPC environment with real life job traces. Then, we compare them to the mostly used baseline scheduling policy First Come First Served (FCFS) with backfilling. We also compare them to other efficient policies in the literature. The resulting outcomes indicate that the proposed carbon aware scheduling techniques can achieve measurable reductions in carbon emissions (up to 15\%) without compromising the workload throughput or resources usage. Furthermore, their transparency and simplicity makes them easy to implement in any HPC system with a high chance of acceptance by the users.",
107,RE-UPS: an adaptive distributed energy storage system for dynamically managing solar energy in green datacenters,"Datacenters, the essential infrastructures for supercomputing and cloud computing, are facing increasing pressure of capping tremendous power consumption and carbon emission. Many studies have proposed to leverage energy storage devices to shave peak power or smooth intermittent power for datacenters, respectively. However, a joint energy management of peak shaving and renewable energy harvesting in datacenters is still lacking. In this paper, we propose a new power management scheme named RE-UPS, which explores the opportunity to shave datacenter peak power demand with renewable energy. RE-UPS is based on the emerging distributed energy storage architecture and existing UPS infrastructure of datacenter. It further leverages a dynamic heuristic algorithm to determine the appropriate energy storage allocation and server power sources. The proposed energy management policies can greatly optimize the design among maximizing renewable energy harvest, shaving peak power, and maintaining UPS energy availability. Compared to the baseline power management schemes, RE-UPS can averagely improve backup energy capacity by 28 \%, extend battery lifetime by 42 \%, increase green energy utilization by 78 \%, and reduce workload performance degradation by 13 \%.",
113,Sustainable edge computing with mobile crowd computing: a proof-of-concept with a smart HVAC use case,"The widespread adoption of utility-based real-time applications has placed the necessity of widescale deployment of edge computing infrastructure. Crowdsourced edge computing is deemed a suitable way out. On the other hand, a collection of today's powerful smart mobile devices (SMDs) can cumulatively offer high-performance computing. The public-owned SMDs are utilized opportunistically to form a dynamic ad-hoc computing grid known as mobile crowd computing (MCC). This paper aspires to establish a proof-of-concept for the feasibility and use of MCC as a sustainable edge computing solution (MCC-edge). A typical smart HVAC system of an office building has been considered for the experiment case. We aim to process the HVAC data in real-time using the MCC-edge setup within the building for auto adjustment of the AC controller and error notifications. To maintain the ideal comfort level of the occupants, we present an extensive calculation using the dew point and heat index of the room. A high-level layered architecture of the MCC-edge for HVAC is presented along with a general framework of the MCC-edge. We report the module-wise design and implementation procedures with exhaustive details. The performance of MCC-edge is statistically compared with the commercial edge and cloud computing solutions in terms of cost, energy consumption, latency, and environmental impact, showing a significant advantage over the two. Every procedural detail of each module's design, development, and implementation is meticulously presented, which would aid interested readers and researchers in rebuilding such an application.",
122,Artificial intelligence-enabled predictive energy saving planning of liquid cooling system for data centers,,
143,SoC-based computing infrastructures for scientific applications and commercial services: Performance and economic evaluations,,
144,Optimizing the performance of optimization in the cloud environment–An intelligent auto-scaling approach,,
145,Comparing workflow application designs for high resolution satellite image analysis,,
149,Towards safe and sustainable reinforcement learning for real-time strategy games,,
166,A Hybrid Deep Learning Approach for Modelling and Optimising Data Centre Energy Efficiency,,
167,Towards a European HPC/AI ecosystem: a community-driven report,,
188,Enabling distributed generation powered sustainable high-performance data center,"The necessity for capping carbon emission has significantly restricted the potential of modern data centers. For this matter, both industry and academia are proactively seeking opportunities on cross-layer power management schemes that could open a door for sustainable high-performance computing platform. In this paper we investigate an emerging trend in the IT industry: using promising onsite distributed generation (DG) techniques to provide premium clean energy to the computing load. We develop data center power demand shaping (PDS), a novel technique that allows data centers to utilize onsite green energy efficiently. In contrast to prior design, PDS takes advantage of a so-far unexplored power supply feature, i.e., the load following capabilities of DG systems to avoid the high performance penalty issue incurred during supply tracking. In addition, PDS features two adaptive power management schemes: DGR Boost and UPS Boost. These two workload-aware optimization methods leverage mature computer tuning knobs to achieve attractive data center performance improvement. Using real-world data center traces and industry data of distributed generation systems, we show that our technique can come within 1.2\% performance of an ideal oracle, which is roughly a 37\% improvement over existing supply tracking based design. Our design could save over 100 metric tons of carbon emissions annually for a 10MW data center.",
223,Data Center Operators Face Energy Irony,"High-performance computational technology is envisioned as a great resource for reducing energy consumption. However, the renewable energy infrastructure that will let these data centers operate without adding to greenhouse gas emission levels is still in its infancy.",
230,HPC 2012: Sustainable HPC Cloud Workshop,,
231,Accurate and Convenient Energy Measurements for GPUs: A Detailed Study of NVIDIA GPU's Built-In Power Sensor,"GPU has emerged as the go-to accelerator for HPC workloads, however its power consumption has become a major limiting factor for further scaling HPC systems. An accurate understanding of GPU power consumption is essential for further improving its energy efficiency, and consequently reducing the associated carbon footprint. Despite the limited documentation and lack of understanding, NVIDIA GPUs' built-in power sensor is widely used in energy-efficient computing research. Our study seeks to elucidate the internal mechanisms of the power readings provided by nvidia-smi and assess the accuracy of the measurements. We evaluated over 70 different GPUs across 12 architectural generations, and identified several unforeseen problems that can lead to drastic under/overestimation of energy consumed, for example on the A100 and H100 GPUs only 25\% of the runtime is sampled. We proposed several mitigations that could reduce the energy measurement error by an average of 35\% in the test cases we present.",
237,"Sustainable AI: Experiences, Challenges \&amp; Recommendations","The use of Artificial Intelligence (AI) and Machine Learning (ML) as part of scientific workloads is becoming increasingly widespread. It is imperative to understand how to configure AI and ML applications on HPC systems to optimise their performance and energy efficiency, thereby minimising their environmental impact. In this study, we use MLPerf HPC's DeepCAM benchmark to assess and explore the energy efficiency of ML applications on different hardware platforms. We highlight the challenges that, despite growing popularity, ML frameworks still present in a traditional HPC environment, as well as the challenges of measuring power and energy on a variety of HPC and cloud-like virtualised systems. We conclude our study by proposing recommendations that will improve and encourage best practices around sustainable AI and ML workloads on HPC systems.",
239,CEEMS: A Resource Manager Agnostic Energy and Emissions Monitoring Stack,"With the rapid acceleration of ML/AI research in the last couple of years, the energy consumption of the Information and Communication Technology (ICT) domain has rapidly increased. As a major part of this energy consumption is due to users' workloads, it is evident that users need to be aware of the energy footprint of their applications. Compute Energy \&amp; Emissions Monitoring Stack (CEEMS) has been designed to address this issue. CEEMS can report energy consumption and equivalent emissions of user workloads in real time for HPC and cloud platforms alike. Besides CPU energy usage, it supports reporting energy usage of workloads on NVIDIA and AMD GPU accelerators. CEEMS has been built around the prominent open-source tools in the observability eco-system like Prometheus and Grafana. CEEMS has been designed to be extensible and it allows the Data Center (DC) operators to easily define the energy estimation rules of user workloads based on the underlying hardware. This paper explains the architectural overview of CEEMS, data sources that are used to measure energy usage and estimate equivalent emissions and potential use cases of CEEMS from operator and user perspectives. Finally, the paper will conclude by describing how CEEMS deployment on the Jean-Zay supercomputing platform is capable of monitoring more than 1400 nodes that have a daily job churn rate of around 20k jobs.",
240,AIOps and Sustainability: Transforming Data Centers for a Greener Future,"Enterprise and high-performance computing (HPC) data centers are dealing with thousands of sensor metrics and associated data. A top-end target for exascale machines is 10 million data points per second. The escalating volume and speed of data generation are making management of such systems more difficult, and outages are increasing. The latest Uptime Institute's Outage Analysis report [1], published in June 2022, states that 30\% of all outages in 2021 lasted more than 24 hours, a disturbing increase from 8\% in 2017. While equipment is idle during downtime, it often continues to consume power, especially for cooling systems. This leads to wasted energy and higher operational costs. We propose an AIOps solution that uses advanced data analytics, machine learning, and deep learning methods to develop automated and advanced anomaly detection and predictive tools for data centers. They perform at scale and speed, and improve data center resiliency and energy efficiency, thereby promoting the sustainability of data centers.",
263,Mitigating Uncertainty in Developing and Applying Scientific Applications in an Integrated Computing Environment,,
271,"Sustainable HPC infrastructures - supercomputers, grids, and clouds: the DEISA experience",,
394,The World is Not Enough: Growing Waste in HPC-enabled Academic Practice,"Most research depends to some extent on technologies and computational infrastructures including, and perhaps especially, HCI. Despite the noted environmental impacts associated with information communication technology (ICT) globally, to date little consideration has been given as to how to limit the impact of research and innovation processes themselves. Working to understand the technical and cultural drivers of this impact within the specific but resource-intensive domain of High Performance Computing (HPC), we conducted 25 interviews with academic researchers, providers, funders, and commissioners of HPC. We find intersecting socio-cultural and technical dimensions that link to research institutions like conferences, funders, and universities that reinforce and embed, rather than challenge, expectations of growth and waste. At a time when large scale cloud systems, generative AI and ever larger models are multiplying, we argue to de-escalate demand for computing, aiming for more moderate, responsible and meaningful use of computational infrastructures--including within HCI itself.",
404,ThirstyFLOPS: Water Footprint Modeling and Analysis Toward Sustainable HPC Systems,"High-performance computing (HPC) systems are becoming increasingly water-intensive due to their reliance on water-based cooling and the energy used in power generation. However, the water footprint of HPC remains relatively underexplored--especially in contrast to the growing focus on carbon emissions. In this paper, we present ThirstyFLOPS - a comprehensive water footprint analysis framework for HPC systems. Our approach incorporates region-specific metrics, including Water Usage Effectiveness, Power Usage Effectiveness, and Energy Water Factor, to quantify water consumption using real-world data. Using four representative HPC systems – Marconi, Fugaku, Polaris, and Frontier – as examples, we provide implications for HPC system planning and management. We explore the impact of regional water scarcity and nuclear-based energy strategies on HPC sustainability. Our findings aim to advance the development of water-aware, environmentally responsible computing infrastructures.",
406,Core Hours and Carbon Credits: Incentivizing Sustainability in HPC,"Efforts to reduce the environmental impact of HPC often focus on resource providers, but choices made by users, e.g., concerning where to run, can be equally consequential. Here we present evidence that new accounting methods that charge users for energy used can incentivize significantly more efficient behavior. We first survey 300 HPC users and find that fewer than 30\% are aware of their energy consumption, and that energy efficiency is a low priority concern. We then propose two new multi-resource accounting methods that charge for computations based on their energy consumption or carbon footprint, respectively. Finally, we conduct both simulation studies and a user study to evaluate the impact of these two methods on user behavior. We find that while only providing users feedback on their energy use had no impact on their behavior, associating energy with cost incentivized users to select more efficient resources, and use 40\% less energy.",
407,Reproducibility Report for SC25 Paper ThirstyFLOPS: Water Footprint Modeling and Analysis Toward Sustainable HPC Systems,This reproducibility report provides details about the artifact evaluation done with regards to the Artifact Description and Evaluation appendix of SC25 paper ThirstyFLOPS: Water Footprint Modeling and Analysis Toward Sustainable HPC Systems by Jiang et al. The work was done as part of the Reproducibility Initiative of SC25. The author is a member of the SC25 Reproducibility Committee.,
408,"Empowering Generative AI in Enterprises: Sustainable, High-Performance Storage Solutions with Global Data Fabric and Data Lakehouse","Rapid growth in unstructured data has triggered enterprises to shift from traditional file storage to scalable object storage solutions in their infrastructure. There has been a growing need to integrate both file and object storage into a unified platform capable of managing the complexities of traditional and modern data workloads. Gartner predicts that by 2029, over 80\% of unstructured data will reside on consolidated storage systems--up from 40\% in early 2024--highlighting the urgency of this transition. As sustainability takes center stage, businesses must adopt storage solutions that deliver both high performance and minimal environmental impact. This paper presents a storage solution designed for Generative AI and High-Performance Computing (HPC), addressing two critical requirements: 1.A unified high-performance storage solution that seamlessly integrates both file and object storage access.2.A sustainable approach to building infrastructure that reduces energy usage and carbon emissions. We will explore how sustainable, high-performance storage solutions such as global data fabrics and data lakehouse technologies enable this vision. Key topics include: 1.The critical role of efficient storage in accelerating AI workloads.2.The advantages of distributed file and object storage for enterprise-scale workloads.3.Essential sustainability practices that align with environmental goals.4.A global data fabric use case, leveraging features from reference architectures for research data, that incorporates these innovations as well as embedded sustainability practices. This paper demonstrates how researchers, architects, CIOs, and administrators can leverage next-generation storage solutions to improve operational efficiency and support sustainability in generative AI use cases.",
412,Energy-Optimized Supercomputer Networks Using Wind Energy,Deploying and operating high-performance compute nodes among several wind turbines or wind farms aims to increase computing sustainability by maximizing renewable electric energy usage and minimizing energy waste by infrastructure.,
414,BanditWare: A Contextual Bandit-based Framework for Hardware Prediction,"Distributed computing systems are essential for meeting the demands of modern HPC applications, yet transitioning from single-system to distributed environments presents significant challenges. Resource misallocation in shared systems can lead to resource contention, system instability, degraded performance, priority inversion, inefficient utilization, increased latency, and environmental impact. We present BanditWare, an online recommendation system that dynamically selects the most suitable hardware for applications using a contextual multi-armed bandit algorithm. We evaluated BanditWare on two workflow applications: BurnPro3D (a web-based platform for fire science), and a matrix multiplication application. Designed for seamless integration with the National Data Platform (NDP), BanditWare enables users of all experience levels to optimize resource allocation efficiently.",
417,"HPC Digital Twins for Evaluating Scheduling Policies, Incentive Structures and their Impact on Power and Cooling","Schedulers are critical for optimal resource utilization in high-performance computing. Traditional methods to evaluate schedulers are limited to post-deployment analysis, or simulators, which do not model associated infrastructure. In this work, we present the first-of-its-kind integration of scheduling and digital twins in HPC. This enables what-if studies to understand the impact of parameter configurations and scheduling decisions on the physical assets, even before deployment, or regarching changes not easily realizable in production. We (1) provide the first digital twin framework extended with scheduling capabilities, (2) integrate various top-tier HPC systems given their publicly available datasets, (3) implement extensions to integrate external scheduling simulators. Finally, we show how to (4) implement and evaluate incentive structures, as-well-as (5) evaluate machine learning based scheduling, in such novel digital-twin based meta-framework to prototype scheduling. Our work enables what-if scenarios of HPC systems to evaluate sustainability, and the impact on the simulated system.",
419,Improving Supercomputer Usage with Aging Awareness,"Lifetime of electronic devices has a critical impact on their environmental footprint. In addition, the high-demand by AI companies of GPU has reduced tremendously their availability for supercomputing centers. Consequently, improving the duration of CPUs and GPUs is becoming a major issue in High Performance Computing (HPC) domain. This paper investigates the optimization of a machine usage before a fatal failure and the trade-offs with performance. The lifetime of computing devices is strongly connected with the temperature and thus with the running frequency. We investigate the node frequency reconfiguration to optimize HPC usage. We estimate the benefit of a dedicated scheduling algorithm compared with a constant frequency. We show that a correct decision can increase considerably the number of FLOP of a machine with a trade-off in terms of performance. Because aging models are currently inaccurate, we consider different models and discuss the robustness of our algorithms to inaccuracy.",
421,Modeling the Carbon Footprint of HPC: The Top 500 and EasyC,"Climate change is a critical concern for HPC systems, but GHG protocol carbon-emission accounting methodologies are difficult for a single system, and effectively infeasible for a collection of systems. As a result, there is no HPC-wide carbon reporting, and even the largest HPC sites do not do GHG protocol reporting. We assess the carbon footprint of HPC, focusing on the Top 500 systems. The key challenge lies in modeling the carbon footprint with limited data availability. With the disclosed Top500.org data, and using a new tool, EasyC, we were able to model the operational carbon of 391 HPC systems and the embodied carbon of 283 HPC systems. We further show how this coverage can be enhanced by exploiting additional public information. With improved coverage, then interpolation is used to produce the first carbon footprint estimates of the Top 500 HPC systems. They are 1.4 million MT CO2e operational carbon (1 Year) and 1.9 million MT CO2e embodied carbon. We also project how the Top 500's carbon footprint will increase through 2030. A key enabler is the EasyC tool which models carbon footprint with only a few data metrics. We explore availability of data and enhancement, showing that coverage can be increased to 98\% of Top 500 systems for operational and 80.8\% of the systems for embodied emissions.",
422,Session Summary Podcast: Session 29: SSW: Sustainable Supercomputing Workshop,An AI-generated podcast companion article to augment the SSW: Sustainable Supercomputing Workshop Session of the SC Workshops '25NOTE: AI content can contain errors and should be double-checked before use.,
429,"Co-design, deployment and operation of a Modular Data Centre (MDC) with air and direct-liquid cooled supercomputers","The Bristol Centre of Supercomputing (BriCS) has deployed its first HPE modular data centre (MDC), also known as a Performance Optimised Data Centre (POD), in March 2024. This has been a collaborative, co-design project between HPE and the University of Bristol. The MDC has enabled the rapid commencement of operations for the research community for the direct liquid cooled (DLC) Isambard-AI phase 1 (HPE Cray EX2500) and the air-cooled Isambard 3 (HPE Cray XD224), with NVIDIA Grace-Hopper and Grace-Grace superchips, respectively. The second set of MDCs have been deployed for Isambard-AI phase 2 containing 5,280 NVIDIA Grace-Hopper superchips in HPE Cray EX4000 DLC cabinets, together with the management and storage ecosystems. This manuscript outlines key features of the HPE POD MDCs for sustainability, efficiency, flexibility and observability in the era where data centre cooling and power needs are changing with growing demands for AI and HPC. We leverage the community efforts, specifically, the Energy Efficient High Performance Computing Working Group (EE HPC WG) that aims to sustainably support science through committed community action by encouraging the implementation of energy conservation measures and energy efficient design in HPC\&nbsp;[20]. We outline notable advantages of the MDC approach for constraints and requirements that are unique for the Isambard-AI project that led to a co-design approach. We conclude by highlighting the key lessons drawn from this work.",
430,What is RISC-V and why should we care?,"RISC-V is an open Instruction Set Architecture (ISA) standard which enables the open development of CPUs and a shared common software ecosystem. With billions of RISC-V cores already produced, and this is accelerating rapidly, we are seeing a revolution driven by open hardware. Nonetheless, for all the successes that RISC-V has enjoyed, it is yet to become mainstream in HPC. This comes at a time when HPC is facing new challenges, especially around performance and sustainability of operations, and recent advances in RISC-V such as data centre RISC-V hardware make this technology a more realistic proposition with potential to address these. In this survey paper we explore the current state of art of RISC-V for HPC, identifying areas where RISC-V can benefit the HPC community, the level of maturity of the hardware and software ecosystem for HPC , and identify areas where the HPC community can contribute. The outcome is a set of recommendations around where the HPC and RISC-V communities can can come together and focus on high priority action points to help increase adoption.",
432,When Servers Meet Species: A Fab-to-Grave Lens on Computing's Biodiversity Impact,"Biodiversity loss is a critical planetary boundary, yet its connection to computing remains largely unexamined. Prior sustainability efforts in computing have focused on carbon and water, overlooking biodiversity due to the lack of appropriate metrics and modeling frameworks. This paper presents the first end-to-end analysis of biodiversity impact from computing systems. We introduce two new metrics--Embodied Biodiversity Index (EBI) and Operational Biodiversity Index (OBI)--to quantify biodiversity impact across the lifecycle, and present FABRIC, a modeling framework that links computing workloads to biodiversity impacts. Our evaluation highlights the need to consider biodiversity alongside carbon and water in sustainable computing design and optimization. The code is available at https://github.com/TianyaoShi/FABRIC.",
435,GridGreen: Integrating Serverless Computing in HPC Systems for Performance and Sustainability,"We present GridGreen, a scheduling framework that improves the sustainability and performance of scientific workflow execution by integrating serverless computing with traditional on-premise high performance computing (HPC) clusters. GridGreen allocates workflow components across HPC and serverless environments leveraging spatio-temporal variation of carbon intensity and component execution characteristics. It incorporates component-level optimization, speculative pre-warming, I/O-aware data management, and fallback adaptation to jointly minimize carbon footprint and service time under user-defined cost constraints. Our evaluations on large-scale bioinformatics workflows across leadership-class HPC facilities and cloud-based serverless regions demonstrate that GridGreen achieves robust, cost-effective execution while improving carbon efficiency.",
445,A deep dive into sustainable generative AI and HPC systems,"The lecture covers the foundations of sustainable computing, ranging from sand to large-scale systems targeting generative AI and High-Performance Computing (HPC). It provides a deep dive into their building blocks and their associated environmental cost with specific emphasis on RISC-V based systems and practical considerations. Lab activities include pen-and-paper calculations and hands-on experience on the RISC-V Monte Cimone computing cluster.",
474,Sustainability of data center digital twins with reinforcement learning,"The rapid growth of machine learning (ML) has led to an increased demand for computational power, resulting in larger data centers (DCs) and higher energy consumption. To address this issue and reduce carbon emissions, intelligent design and control of DC components such as IT servers, cabinets, HVAC cooling, flexible load shifting, and battery energy storage are essential. However, the complexity of designing and controlling them in tandem presents a significant challenge. While some individual components like CFD-based design and Reinforcement Learning (RL) based HVAC control have been researched, there's a gap in the holistic design and optimization covering all elements simultaneously. To tackle this, we've developed DCRL-Green, a multi-agent RL environment that empowers the ML community to design data centers and research, develop, and refine RL controllers for carbon footprint reduction in DCs. It is a flexible, modular, scalable, and configurable platform that can handle large High Performance Computing (HPC) clusters. Furthermore, in its default setup, DCRL-Green provides a benchmark for evaluating single as well as multi-agent RL algorithms. It easily allows users to subclass the default implementations and design their own control approaches, encouraging community development for sustainable data centers. Open Source Link: https://github.com/HewlettPackard/dc-rl",
477,Clustering Obsolete Computers to Reduce E-Waste,"Personal computers contribute significantly to the growing problem of electronic waste. Every computer, when finished with, must be stored, dumped, recycled, or somehow re-used. Most are dumped, at a huge cost to health and the environment, as their owners succumb to the desire to keep up with the ever-increasing power of new computers. Supercomputers and computer clusters provide more power than ordinary desktop and laptop computers, but they too are subject to rapid obsolescence. The authors have built a cluster of obsolete computers and have found that it easily outperforms a fairly standard new desktop computer. They explore how this approach can help to mitigate e-waste, and discuss the advantages and limitations of using such a system.",
492,SolarCore: Solar energy driven multi-core architecture power management,"The global energy crisis and environmental concerns (e.g. global warming) have driven the IT community into the green computing era. Of clean, renewable energy sources, solar power is the most promising. While efforts have been made to improve the performance-per-watt, conventional architecture power management schemes incur significant solar energy loss since they are largely workload-driven and unaware of the supply-side attributes. Existing solar power harvesting techniques improve the energy utilization but increase the environmental burden and capital investment due to the inclusion of large-scale batteries. Moreover, solar power harvesting itself cannot guarantee high performance without appropriate load adaptation. To this end, we propose SolarCore, a solar energy driven, multi-core architecture power management scheme that combines maximal power provisioning control and workload run-time optimization. Using real-world meteorological data across different geographic sites and seasons, we show that SolarCore is capable of achieving the optimal operation condition (e.g. maximal power point) of solar panels autonomously under various environmental conditions with a high green energy utilization of 82\% on average. We propose efficient heuristics for allocating the time varying solar power across multiple cores and our algorithm can further improve the workload performance by 10.8\% compared with that of round-robin adaptation, and at least 43\% compared with that of conventional fixed-power budget control. This paper makes the first step on maximally reducing the carbon footprint of computing systems through the usage of renewable energy sources. We expect that the novel joint optimization techniques proposed in this paper will contribute to building a truly sustainable, high-performance computing environment.",
501,Design Technologies for Green and Sustainable Computing Systems,"This book provides a comprehensive guide to the design of sustainable and green computing systems (GSC). Coverage includes important breakthroughs in various aspects of GSC, including multi-core architectures, interconnection technology, data centers, high performance computing (HPC), and sensor networks. The authors address the challenges of power efficiency and sustainability in various contexts, including system design, computer architecture, programming languages, compilers and networking.",
510,Heat Management in Integrated Circuits: On-chip and System-level Monitoring and Cooling,"Heat Management in Integrated Circuits focuses on devices and materials that are intimately integrated on-chip (as opposed to in package or on-board) for the purposes of thermal monitoring and thermal management, i.e., cooling. The devices and circuits cover various designs used for the purpose of converting temperature to a digital measurement, heat to electricity, and actively biased circuits that reverse thermal gradients on chips for the purpose of cooling. The book includes fundamental operating principles that touch upon physics of materials that are used to construct sensing, harvesting, and cooling devices, which will be followed by circuit and system design aspects that enable successful functioning of these devices as an on-chip system. Finally, the author discusses the use of these devices and systems for thermal management and the role they play in enabling energy-efficient and sustainable high performance computing systems.",
515,Service Orientation in Holonic and Multi-Agent Manufacturing: Proceedings of SOHOMA 2016,"The book offers an integrated vision on Cloud and HPC, Big Data, Analytics and virtualization in computing-oriented manufacturing, combining information and communication technologies, service-oriented control of holonic architectures as well as enterprise integration solutions based on SOA principles. It is structured in eight parts, each one grouping research and trends in digital manufacturing and service oriented manufacturing control: Cloud and Cyber-Physical Systems for Smart Manufacturing, Reconfigurable and Self-organized Multi-Agent Systems for Industry and Service, Sustainability Issues in Intelligent Manufacturing Systems, Holonic and Multi-agent System Design for Industry and Service, Should Intelligent Manufacturing Systems be Dependable and Safe?, Service-oriented Management and Control of Manufacturing Systems, Engineering and Human Integration in Flexible and Reconfigurable Industrial Systems, Virtualization and Simulation in Computing-oriented Industry and Service.",
516,Advanced Concepts for Renewable Energy Supply of Data Centres,"The rapid increase of cloud computing, high performance computing (HPC) and the vast growth in Internet and Social Media use have aroused the interest in energy consumption and the carbon footprint of Data Centers. Data Centers primarily contain electronic equipment used for data processing (servers), data storage (storage equipment), and communications (network equipment). Collectively, this equipment processes, stores, and transmits digital information and is known as information technology (IT) equipment. Advanced Concepts for Renewable Energy Supply of Data Centres introduces a number of technical solutions for the supply of power and cooling energy into Data Centers with enhanced utilization of renewable energy sources in order to achieve low energy Data Centers. Because of the high energy density nature of these unique infrastructures, it is essential to implement energy efficiency measures and reduce consumption before introducing any renewable energy source. A holistic approach is used with the objective of integrating many technical solutions such as management of the IT (Information Technology) load, efficient electrical supply to the IT systems, Low-Ex air-conditioning systems, interaction with district heating and cooling networks, re-use of heat, free cooling (air, seawater, groundwater), optimal use of heat and cold storage, electrical storage and integration in smart grids. This book is therefore a catalog of advanced technical concepts that could be integrated into Data Centers portfolios in order to increase the overall efficiency and the share of renewable energies in power and cooling supply. Based on dynamic energy models implemented in TRNSYS, some concepts are deeply evaluated through yearly simulations. The results of the simulation are illustrated with Sankey charts, where the energy flows per year within the subsystems of each concept for a selected scenario are shown, and graphs showing the results of parametric analysis. A set of environmental metrics (as the non-renewable primary energy) and financial metrics (CAPEX and OPEX) as well of energy efficiency metrics like the well-known PUE, are described and used to evaluate the different technical concepts.",
525,Sustainable computing and simulation: a literature survey,"Smart technologies are everywhere and the creation of a smart world, from smart devices to smart cities is rapidly growing to potentially improve quality of life. Businesses, governments, and individual users of smart technology expect a level of service and access to data that is achieved through data and supercomputing centers. These centers potentially consume vast amounts of power and their continued growth may be unsustainable and contribute to greenhouse gasses. As smart technologies rely heavily on such computational capabilities their sustainability is pivotal for a smart future. This paper explores the literature to: identify the problems; categorize the challenges as well as possible solutions; explore how simulation and machine learning can improve computational sustainability; and consider the need to conduct trade-off analysis to determine when to apply simulation and machine learning benefits. A taxonomy for sustainable computing is presented for future research.",
548,Eliminating the Capacity Variation Penalty for Cloud Resource Management,"Increasing power grid challenges due to rapid decarbonization and pressure for reduced carbon emissions compel data centers to operate with capacity varying in hours or days, perhaps on a dynamic basis in concert with renewable generation. With data centers exceeding 10\% of load in many grids, the implied capacity variation may approach 50\%. For today's computing, variable resource capacity is problematic, causing severe loss in resource efficiency.Our approach is to create intelligent resource management for variable capacity resources. Traditional resource managers were built with the assumption of constant capacity, scheduling jobs that fail when capacity decreases, causing abrupt job failures and wasted resources. To understand scheduling performance under variable capacity, we define three key dimensions of variation that lead to performance loss. We use cloud and HPC workloads and explore the multi-dimensional capacity change space, characterizing performance in goodput, job failures, and waiting time. To improve performance, we consider intelligent termination policies to cope with capacity loss. Then, we take a broader view to prepare for capacity variation altogether. We consider two dimensions of uncertainty in capacity and workload, exploring the information space. We propose new scheduling techniques that exploit the information to prevent job failures and increase resource efficiency.We evaluate traditional schedulers under varying resource capacities and using a diverse set of HPC and cloud workloads. Results show that capacity variation decreases goodput by 60\%, incurring 40\% job failures. Amongst variability dimensions, dynamic range, structures, and change frequency are all important; each in some cases produces 10 - 40\% goodput losses. Drill down with Google cloud workloads shows that variable capacity can cause serious problems, including up to 70\% goodput loss and 20\% job failures. Careful study of performance versus variability shows that avoiding major harm, such as goodput loss, requires a variation limit of \&lt;10\% range. This prevents the cloud from significant temporal load shifting to reduce carbon emissions.We designed and compared the performance of intelligent termination policies to cope with capacity loss. Results demonstrate that these techniques achieve significant improvements under variations, with 10 - 66\% goodput increase and 1.6 - 3x job failure reduction. Using job progress to minimize wasted computation produces 44\% average goodput increase. Realistic examples show that with scheduling techniques, a typical data center can achieve 15\% carbon emission reduction by exploiting variations. Then, we take a broader view and design new scheduling schemes that prepare for variation using Google cloud workloads. These new schedulers exploit a variety of information about workload and capacity to reduce uncertainty, increasing goodput by up to 180\% and decreasing job failure rate by 5 - 15X. Within the information space, runtime classification is critical. Exploiting this information, LongShort algorithm can drastically increase variation range from \&lt;10 to 50\% while maintaining performance. These results demonstrate great scheduling improvements for capacity variations but require validation with complex workload constraints.While capacity variation poses serious challenges to conventional resource managers, our intelligent resource management shows significant improvement, eliminating the variation penalty and demonstrating promising benefits of future variable capacity data centers.",
553,CO2 Emission Aware Scheduling for Deep Neural Network Training Workloads,"Machine Learning (ML) training is a growing workload in high-performance computing clusters and data centers; furthermore, it is computationally intensive and requires substantial amounts of energy with associated emissions. To the best of our knowledge, previous works in the area of load management have never focused on decreasing the carbon emission of ML training workloads. In this paper, we explore the potential emission reduction achievable by leveraging the iterative nature of the training process as well as the variability of CO2 signal intensity as coming from the power grid. To this end, we introduce two emission-aware mechanisms to shift the training jobs in time and migrate them between geographical locations. We present experimental results on power and carbon emission of the training process together with delay overheads associated with emission reduction mechanisms, for various, representative, deep neural network models. The results show that following emission signals, one can effectively reduce emissions by an amount that varies from 13\% to 57\% of the baseline cases. Moreover, the experimental results show that the total delay overhead for applying emission-aware mechanisms multiple times is negligible compared to the jobs' completion time.",
559,PMT: Power Measurement Toolkit,"Efficient use of energy is essential for today's super-computing systems, as energy cost is generally a major component of their operational cost. Research into ``green computing'' is needed to reduce the environmental impact of running these systems. As such, several scientific communities are evaluating the trade-off between time-to-solution and energy-to-solution. While the runtime of an application is typically easy to measure, power consumption is not. Therefore, we present the Power Measurement Toolkit (PMT), a high-level software library capable of collecting power consumption measurements on various hardware. The library provides a standard interface to easily measure the energy use of devices such as CPUs and GPUs in critical application sections.",
582,Optimizing emissions for machine learning training,,
599,Data Center Energy Reduction by Lowering Chip-to-Supply Thermal Resistance,"Data centers are estimated to consume up to 2\% of current US electricity production. With increased processor power, rising ambient temperatures, and reduced water availability cooling of data centers is becoming a greater challenge. All electrical power entering a data center must be rejected to the environment as heat. This is typically done via primary and secondary cooling loops. The secondary loop transfers heat from the servers to the facility cooling system. The primary cooling loop rejects heat from the facility cooling system to the environment. The energy cost of rejecting heat to the environment is often high because primary facility coolants are typically kept at 20-30\textdegreeC, which is relatively close to typical ambient climate conditions. Evaporative cooling or chillers are therefore often used to facilitate heat rejection and maintaining the compute room at acceptable temperatures. As chipsets and electronics can often operate at higher temperatures (typically at 70-90\textdegreeC), it is here explored how reducing compute room thermal resistance (thermal resistance of the secondary loop) can impact the energy of the cooling plant of the data center as a whole. This paper explores the benefits of lowering the chip-to-coolant thermal resistance and raising the primary loop water supply temperature in data centers and its effect on cooling plant energy and water usage. A simplified Python model of a data center primary and secondary loop was constructed. Hourly data from U.S. Climate Reference Network weather stations in each US ASHRAE climate zone was then used to drive a dispatching algorithm that decided whether dry coolers, evaporative towers or chillers could be used to reject heat to the environment each hour of the year. This dispatching algorithm was optimized to produce results comparable to those published by cooling system manufacturers for a set of six test cases. The optimized model was then used to predict data center energy and water usage in each US climate zone for a wide range of primary loop water supply temperatures. The model results show that lowering the chip-to-coolant thermal resistance allows the water supply temperature to be increased, leading to an increase in the number of hours that dry coolers can be used in every climate zone throughout the year. This in turn leads to an opportunity to reduce cooling energy consumption, operational CO2 footprint, and water consumption.",
612,The Graph-Massivizer Approach Toward a European Sustainable Data Center Digital Twin,"Modeling and understanding an expensive next-generation data center operating at a sustainable exascale performance remains a challenge yet to solve. The paper presents the approach taken by the Graph-Massivizer project, funded by the European Union, towards a sustainable data center, targeting a massive graph representation and analysis of its digital twin. We introduce five interoperable open-source tools that support this undertaking, creating an automated, sustainable loop of graph creation, analytics, optimization, sustainable resource management, and operation, emphasizing state-of-the-art progress. We plan to employ the tools for designing a massive data center graph, representing a digital twin describing spatial, semantic, and temporal relationships between the monitoring metrics, hardware nodes, cooling equipment, and jobs. The project aims to strengthen Bologna Technopole as a leading European supercomputing and big data hub offering sustainable green computing for improved societally relevant science throughput.",
642,Reducing the Carbon Footprint of Ensemble Weather Forecasting with GPUs,"Climate and Weather Modelling is a highly complex and computationally intensive task which consumes substantial amounts of energy. A desire to improve forecast skill demands further advances in these forecasts, such as increased model fidelity and more comprehensive physical representations of the underlying processes. Another driver towards better forecasts is the goal of uncertainty quantification, with ensembles of forecasts a popular technique. But ensembles place much higher demands on the computational workload as N ensemble members require N times the compute cycles. This leads to an even higher energy demand. This study examines one approach to reducing the energy demands of ensembles by taking advantage of a hardware feature in modern NVIDIA GPUs known as Multi Instance GPU (MIG). This feature allows us to run multiple ensemble members on hardware-isolated GPU slices to maximize efficient use of the GPU resources and subsequently reduce the Carbon Footprint for an Ensemble forecast. We examine both small and large test cases across a range of setups to determine the optimal runtime configuration. Our study shows a 2.S-2.8x reduction in CO2 emissions across all cases which translates into a savings of between 141–171 tonnes of carbon emissions annually per GPU.",
660,Potential for Waste Heat Recovery in a Digital Currency Mining Facility: A Building Infrastructure Case Study,"The digital asset industry, including generative artificial intelligence, Bitcoin mining, and high-performance computing, is known for its significant energy consumption and heat generation. This study quantitatively assesses the heat energy potential in digital asset mining, specifically focusing on two commonly used cryptocurrency machines: AntMiner S19j Pro and WhatsMiner M30s. Two case studies Were conducted in different settings–a mining facility With an air-to-air cooling system and a closed-room laboratory. The research involved extensive data collection, utilizing digital thermal sensors, anemometers, manometers, and electrical sensors over 41 days. Our findings reveal that heat energy potential employing an air-to-air cooling system, compared to a closed operating room, can be significantly reduced by a thirty percent average. Moreover, machines in the air-to-air cooling system exhibit significantly lower outlet air temperatures compared to the closed operating room, with reductions of up to twenty-four degrees Celsius per machine. This research provides valuable insights into the potential for utilizing heat recovery technologies in the digital asset sector to meet industrial heat demand, addressing environmental concerns and energy costs.",
675,Clover: Toward Sustainable AI with Carbon-Aware Machine Learning Inference Service,"This paper presents a solution to the challenge of mitigating carbon emissions from hosting large-scale machine learning (ML) inference services. ML inference is critical to modern technology products, but it is also a significant contributor to carbon footprint. We introduce, Clover, a carbon-friendly ML inference service runtime system that balances performance, accuracy, and carbon emissions through mixed-quality models and GPU resource partitioning. Our experimental results demonstrate that Clover is effective in substantially reducing carbon emissions while maintaining high accuracy and meeting service level agreement (SLA) targets.",
688,"EcoFreq: Compute with Cheaper, Cleaner Energy via Carbon-Aware Power Scaling","High-performance computing (HPC) constitutes an energy-hungry endeavor, and any efficiency gains via hardware and software advances are quickly (over-)compensated by increased consumption (rebound effect). A large proportion of electricity is still generated by burning fossil fuels (mostly coal and gas), which is the cause of climate change, and has other potentially dangerous ecological and political consequences. Moving to a 100\% renewable grid requires a plethora of solutions for electricity generation, distribution, storage, and consumption. In particular, dynamic load shifting can better align electricity consumption with the variable availability of solar and wind power. We introduce EcoFreq, a tool for dynamic power scaling on CPUs and GPUs that allows to maximize the usage of renewable, low-carbon energy. We benchmark EcoFreq via 14 HPC workloads using historical electricity market data from Germany, the UK, and the US. We show that carbon-aware power scaling leads to an over-proportional reduction in both, CO2 emissions and energy costs (e.g., 15\% to 19\% savings with an induced throughput decrease of only 10\%). Furthermore, we observe that simple, static power capping at 70\% - 80\% results in considerably improved energy efficiency and we hence recommended it as default setting. EcoFreq is freely available at: https://github.com/amkozlov/eco-freq.",
698,A Data Center in a Shoebox: IMEC's Plan to use Superconductors to Shrink Computers,"What's more, this projection was made before the sudden explosion of generative AI. The amount of computing resources used to train the largest AI models has been doubling roughly every 6 months for more than the past decade. At this rate, by 2030 training a single artificial-intelligence model would take one hundred times as much computing resources as the combined annual resources of the current top 10 super-computers. Simply put, computing will require colossal amounts of power, soon exceeding what our planet can provide.",
704,An Energy-efficient Si-integrated Micro-cooler for High Power and Power-density Computing Applications,"A Si-integrated direct liquid cooling solution, IMC-Si (Si-Integrated Micro-Cooler), has been developed to address high power and power-density demand in high performance computing (HPC) applications. The proposed cooling architecture can dissipate a great amount of heat yet at a little cost of energy consumption, making it an environment-sustainable cooling technology for high-power computing applications. The IMC-Si leverages the well-established SoIC\textregistered technology for fabrication processes and is suitable for mass production. The egg-shaped micropillars are formed on the backside of a silicon carrier and their arrays are compartmentalized to ""divide \& conquer"" the heat. Moreover, the IMC-Si is fully compatible with TSMC 3D Fabric\texttrademark platform, such as CoWoS\textregistered and InFO, given its monolithic nature as part of the SoC. Experimental results showed that the IMC-Si can cool a near full-reticle die with a uniform TDP of 2 kW (power density = 3.2 W/mm2) when using 40\textdegreeC water as the coolant. The required pumping power is much lower than 10 W, leading to ultra-low PUE performance. The highest power density of hot spots (1 mm2) can be as high as 14.6 W/mm2 under the same operating conditions. Furthermore, as the TDP is reduced to 0.8 kW, a local hot spot of power density higher than 20 W/mm2 can be easily managed at the same pumping cost. Therefore, the IMC-Si exhibits great potential for co-design optimization between micropillar arrangement and circuit placement for high power-density applications.",
728,ResNet50V1.5 Evaluation for GPU Disaggregation,"The emergence of Artificial Intelligence (AI) and Machine Learning (ML) has unleashed groundbreaking tools, expanding the boundaries of what's achievable. Given the time, energy, and CO2 emissions associated with the rising use of resources for training AI/ML models, researchers and industry alike must optimize this process to reduce its associated financial, ecological, and social impacts. Large-scale AI/ML training requires the computational power of High-Performance Computing Clusters (HPCC) [1] . Underutilization and inefficiencies, resulting from codes' inability to utilize allocated hardware simultaneously, leave unused resources consuming power [2] , [3] .",
731,Digital Twins for Data Centers,Digital twins provide living digital models of physical systems that enable data-driven analysis and application of artificial intelligence to better manage selective aspects of the data center and drive efficiency for sustainability.,
734,Towards Green HPC Job Outsourcing: Energy Models for Molecular Dynamics Simulations on Three Clusters,"In order to facilitate outsourcing of HPC jobs to remote computing resources powered directly by renewable energy, we aim to model the energy requirement of MD simulations on a single node. First, three different clusters are compared using an example simulation scenario with varying volume using a simple linear model. Then we investigate the impact of the density and simulated substance (number of LJ sites) and confirm their linear effect on the energy consumption of the simulation. Combining these insights with direct energy measurements could allow the prediction of the total energy required for a given job. Other simulation parameters, such as the temperature, and hardware parameters like FLOPS and cache size, should be added to such a model in the future to improve its generalizability.",
738,Thermal Performance Characteristic of Single-phase Immersion Cooling on Servers with Optimized Heatsink Design,"The rapid development of artificial intelligence (AI), high performance computing (HPC), communication technology and cloud service has been requesting high performance of servers powered by CPU and GPU in data centers (DCs). In order to meet the commercial and industrial demand, the thermal design power (TDP) of both CPU and GPU has been rising from generation to generation due to constant increase on the core count, cache size and heat flux density. Intel XEON processor has reached 350W and Nvidia's H100 GPU even up to 700W on TDP. This exposes huge challenges on system thermal design with traditional air-cooling solution under current boundary condition of heatsink keep out zone (KOZ), air flow and off-the-shelf heatsink technologies. Therefore, liquid cooling has more attention to address the thermal management challenges from increasing TDP of chips and rack power density in DCs. Among these novel liquid cooling solutions, the singlephase immersion cooling(1-PIC) has emerged due to the special advantages over air-cooling solution in terms of enhanced cooling capability, improved components operation reliability and optimal Power usage effectiveness (PUE).Tencent Cloud (Tencent) has huge amount deployment of servers in DCs globally to respond the demand of all walks of life and consumes huge electricity energy each year. In order to reduce carbon footprint and accomplish green and sustainable DC, one 1-PIC solution prototype with fluorochemical fluid is built to investigate the cooling performance and optimization for application in future. This paper presents both computational fluid dynamics (CFD) analysis and experimental investigation to study the thermal performance characteristic of 1-PIC on servers developed by Tencent on Intel Eagle Stream (EGS) platform. Thermal performance is characterized based on system level to represent the real operation scenarios. Meanwhile, this paper also describes the design of prototype tank, rework on servers for immersion, thermal interface material (TIM) selection and impact on thermal cooling performance from different heatsink design, fluid flowrate and fluid inlet temperature. It is demonstrated that 1-PIC solution could deliver better cooling capability and support higher TDP of CPU than traditional aircooling solution, which could be a promising cooling methodology for high-power server's adoption in DCs.",
742,Low-Cost Green Computing-as-a-Service Testbed for SMEs: Leveraging AI and 6G for Enhanced Productivity,"The exponential growth in computing devices and the emergence of high-computing-dependent applications have led to a significant increase in energy demand. In response, this paper proposes the development of a novel green computing testbed aimed at addressing energy efficiency and sustainability in computing infrastructure. The testbed integrates highly energy-efficient computing infrastructure, a virtual machine-driven on-demand computing ecosystem, and Green AI model development as a service. The state-of-the-art 5G/6G infrastructure and services, such as ultra-low-latency communications, are investigated and identified as suitable for connecting the zero clients (with minimal capabilities) to remote computing and other facilities. Through a comprehensive measurement campaign, the testbed's energy efficiency and sustainability have been evaluated. This research presents a pioneering effort towards achieving sustainability in computing to support Small and Medium-sized Enterprises (SMEs) to enhance productivity with AI, with reduced cost, energy, and minimizing e-waste.",
769,EcoLife: Carbon-Aware Serverless Function Scheduling for Sustainable Computing,"This work introduces ECOLIFE, the first carbon-aware serverless function scheduler to co-optimize carbon footprint and performance. ECOLIFE builds on the key insight of intelligently exploiting multi-generation hardware to achieve high performance and lower carbon footprint. ECOLIFE designs multiple novel extensions to Particle Swarm Optimization (PSO) in the context of serverless execution environment to achieve high performance while effectively reducing the carbon footprint.",
776,Digital Sufficiency Behaviors to Deal with Intermittent Energy Sources in a Data Center,"Data centers have a considerable environmental footprint, mainly arising from their electricity consumption. Co-locating data centers with renewable energy sources al-lows reducing this footprint, but comes with the challenge of production intermittency. Users of data centers could adopt ``digital sufficiency'' behaviors and adjust their use of these infrastructures when renewable production is low, by adapting their job submissions. In this work, we investigate how effort from users can help to minimize energy consumption in critical periods. We study five behaviors, namely renouncing the submission, degrading it spatially or temporally, reconfiguring it and postponing it to later. These behaviors are combined with a three-state feedback mechanism to provide simple information on the status of renewable production. We propose a validation of our method through a reproducible experimental campaign with a state-of-the-art simulator. We show, for example, that if users accept to apply the above behaviors on 50 \% of their job submissions at periods of low production, brown energy consumption can be reduced by 8 \%. Energy savings are linear in the size of the effort made by users. To the best of our knowledge, this is the first time all these user levers are combined in a context of renewable-energy powered data center. Future works could focus on refining the user model, introducing states and behaviors of anticipation before a drop in production and investigating the willingness of real users to adopt the behaviors.",
778,Advancing Sustainability in Data Centers: Evaluation of Hybrid Air/Liquid Cooling Schemes for IT Payload Using Sea Water,"The growth in cloud computing, Big Data, AI and high-performance computing (HPC) necessitate the deployment of additional data centers (DC's) with high energy demands. The unprecedented increase in the Thermal Design Power (TDP) of the computing chips will require innovative cooling techniques. Furthermore, DC's are increasingly limited in their ability to add powerful GPU servers by power capacity constraints. As cooling energy use accounts for up to 40\% of DC energy consumption, creative cooling solutions are urgently needed to allow deployment of additional servers, enhance sustainability and increase energy efficiency of DC's. The information in this study is provided from Start Campus' Sines facility supported by Alfa Laval for the heat exchanger and CO2 emission calculations. The study evaluates the performance and sustainability impact of various data center cooling strategies including an air-only deployment and a subsequent hybrid air/water cooling solution all utilizing sea water as the cooling source. We evaluate scenarios from 3 MW to 15+1 MW of IT load in 3 MW increments which correspond to the size of heat exchangers used in the Start Campus' modular system design. This study also evaluates the CO2 emissions compared to a conventional chiller system for all the presented scenarios. Results indicate that the effective use of the sea water cooled system combined with liquid cooled systems improve the efficiency of the DC, plays a role in decreasing the CO2 emissions and supports in achieving sustainability goals.",
787,On Optimizing Hyperparameters for Quantum Neural Networks,"The increasing capabilities of Machine Learning (ML) models go hand in hand with an immense amount of data and computational power required for training. Therefore, training is usually outsourced into HPC facilities, where we have started to experience limits in scaling conventional hardware, as theorized by Moore's law. Despite heavy parallelization and optimization efforts, current state-of-the-art ML models require weeks for training, which is associated with an enormous $CO_2$ footprint. Quantum Computing, and specifically Quantum Machine Learning (QML), can offer significant theoretical speed-ups and enhanced expressive power. However, training QML models requires tuning various hyperparameters, which is a nontrivial task, and suboptimal choices can highly affect the trainability and performance of the models. In this study, we identify main hyperparameters and collect data about the performance of QML models on real-world data. Notably, we build on existing work by also benchmarking different proposed parameter initialization strategies, which should help avoid trainability issues, such as Barren Plateaus. We compare different configurations and provide researchers with performance data and concrete suggestions for hyperparameter selection.",
795,"A Comprehensive Monitoring, Visualization, and Management System for Green Data Centers","Maintaining service reliability, achieving sustainability, and ensuring energy efficiency are crucial for green high-performance computing systems. Balancing these factors is a key challenge for modern green data centers. In this research, we propose a monitoring, visualization, and management system for green data centers (MVMS-GDC). Our comprehensive automated platform includes ``monitoring system'' and ``rules and policy management'' modules. The ``monitoring system'' gathers and visualizes time series data from all resources of a green data center, tracking essential metrics and measurements. It audits green energy, microgrid, climate conditions, workloads, hardware, CPU and memory usage, cluster component health, computing node activities, and network health and quality metrics. The ``rules and policy management'' module defines and enforces policies to balance resources, ensuring a reliable, sustainable, scalable, and efficient computing environment. We implemented, tested, and evaluated the MVMS-GDC system using green energy at the Zephyr data center located at the GLEAMM site. Our results demonstrate at least a 4.9\% improvement in performance, at least a 4\% increase in energy efficiency, and a reduction of at least 4\% in job losses. The MVMS-GDC system also enhances scalability by employing a policy machine for each compute node, which automates power state control (on, off, or hibernation) based on monitoring observations. This automated approach ensures efficient and dynamic scaling, making MVMS-GDC suitable for large and highly distributed data centers. Overall, MVMS-GDC provides a robust solution for balancing energy availability and computational needs, optimizing performance, and maintaining energy efficiency in green data centers.",
820,Integrating Energy-Efficient Computing With Computational Research to Accelerate Energy Technology,"The National Renewable Energy Laboratory's (NREL's) computational sciences center hosts the largest high-performance computing (HPC) capabilities dedicated to energy research while functioning as a living laboratory for energy-efficient computing. NREL's HPC capabilities support the research needs of the U.S. Department of Energy's Office of Energy Efficiency and Renewable Energy (EERE). In 10 years of operation, HPC use in EERE-sponsored research has grown by a factor of 30, including work in electricity generation, energy efficiency, transportation, and energy system modeling. This article analyzes this research portfolio, providing examples of individual use cases. The article documents NREL's history of operating one of the world's most energy-efficient data centers while examining pathways to reduce economic and environmental impact beyond reduction of power usage efficiency (PUE). This article concludes by examining the unique opportunities created for accelerating improvements in data center efficiency created by combining an HPC system dedicated to energy research and a research program in energy-efficient computing.",
832,The Future of HPC and AI,"In recent years, the world of HPC has seen two challenges. One is the end of Moore's law, the other is the impact of AI. Both will change the world of HPC as we know it. In this paper, we explore the state of HCP and AI. Looking into AI, we investigate issues of sustainability, scalability and performance. We touch on issues of precision that are relevant for classical simulations but not for AI. Given the end of Moore's law we look into new architectures that might help to continue the path of HPC. Showing a common path for HPC and AI, we present a concept which we call ``Digital Convergence'', bringing together HPC and AI to solve real-world problems. We finally present a number of real-world problems that can benefit from the concept of Digital Convergence.",
835,"Energy Performance, Carbon Footprint and Hardware Efficiency of Blockchain Networks","High Performance Computing (HPC) plays a critical role in supporting the computationally intensive tasks of blockchain technologies, such as consensus algorithms, data processing, and validation. However, the growing adoption of blockchain has raised concerns regarding the substantial energy consumption and carbon footprint associated with HPC systems. This paper investigates the energy efficiency and environmental impact of HPC in blockchain applications, with a focus on hardware and associated hashing algorithms for mining. We analyze power consumption and carbon emissions from computational devices such as Central Processing Units (CPUs), Graphics Processing Units (GPUs), Field-Programmable Gate Arrays (FPGAs), and Application-Specific Integrated Circuits (ASICs), particularly in cryptocurrency mining and decentralized applications. Additionally, we assess the environmental implications of different consensus algorithms, providing a comprehensive understanding of their energy demands and carbon emissions. Our findings offer valuable insights into blockchain sustainability, encouraging the adoption of more energy-efficient and environmentally conscious practices in the industry.",
836,A Green Cloud-Based Framework for Energy-Efficient Task Scheduling Using Carbon Intensity Data for Heterogeneous Cloud Servers,"Managing modern data centre operations is increasingly complex due to rising workloads and numerous interdependent components. Organizations that still rely on outdated, manual data management methods face a heightened risk of human error and struggle to adapt quickly to shifting demands. This inefficiency leads to excessive energy consumption and higher CO2 emissions in cloud data centres. To address these challenges, integrating advanced automation within Infrastructure as a Service (IaaS) has become essential for IT industries, representing a significant step in the ongoing transformation of cloud computing. For data centres aiming to enhance efficiency and reduce their carbon footprint, intelligent automation provides tangible benefits, including optimized resource allocation, dynamic workload balancing, and lower operational costs. As computing resources remain energy-intensive, the growing demand for AI and ML workloads is expected to surge by 160\% by 2030 (Goldman Sachs). This heightened focus on energy efficiency has driven the need for advanced scheduling systems that reduce carbon emissions and operational expenses. This study introduces a deployable cloud-based framework that incorporates real-time carbon intensity data into energy-intensive task scheduling. By utilizing AWS services, the proposed algorithm dynamically adjusts high-energy workloads based on regional carbon intensity fluctuations, using both historical and real-time analytics. This approach enables cloud service providers and enterprises to minimize environmental impact without sacrificing performance. Designed for seamless integration with existing cloud infrastructures--including AWS, Google Cloud, and Azure--this scalable solution utilizes Kubernetes-based scheduling and containerized workloads for intelligent resource management. By combining automation, real-time analytics, and cloud-native technologies, the framework significantly enhances energy efficiency compared to traditional scheduling methods. Moreover, the proposed system aligns with key United Nations Sustainable Development Goals (SDGs), including climate action (SDG 13), clean energy (SDG 7), sustainable urban development (SDG 11), and infrastructure innovation (SDG 9). By promoting energy-efficient cloud computing, this research supports a more sustainable, cost-effective digital ecosystem that meets the growing demands of high-performance computing and AI-driven workloads.",
838,Sustainable-HPC: toward Digital Twin for active management of self-cooled data centers with Renewable Energy Sources and waste heat recovery,"High-performance computing (HPC) data centers are key for advancing research and industry, but their high energy consumption and environmental impact pose critical sustainability challenges. Few HPC centers currently use renewable energy sources, particularly hydrogen-based storage, or integrate waste heat reuse. Recently, Digital Twins (DTs) are proving crucial for advancing sustainable HPC centers, enabling the integration of advanced monitoring and energy optimization with renewable energy sources. They simulate operations, predict maintenance needs, balance workloads, and support renewable integration for enhanced efficiency. The paper first reviews current practices, focusing on the potential of DTs to improve HPC sustainability by dynamically managing resources and optimizing systems, including cooling, power distribution, and load balancing. Then, it illustrates the University of Turin's Sustainable HPC4AI (S-HPC4AI) project, which aims to develop a low impact HPC center to support Artificial Intelligence (AI) research across diverse scientific fields. The facility will feature renewable energy sources, advanced self-cooling, and waste heat recovery, setting a benchmark for energy-efficient, low-carbon HPC infrastructure. Central to the project is the integration of hydrogen and solar energy, with photovoltaic systems providing clean power and hydrogen fuel cells serving as reliable backup sources, reducing reliance on fossil fuels. Waste heat can be transformed into a productive resource for a local automated phenotyping system, reducing energy consumption and environmental impact on the overall. Furthermore, a DT will be developed, integrating BIM with sensors data about performance, resource usage and operating conditions, enabling real-time monitoring and predictive analytics for managing power, cooling, and energy resources. The potential and challenges of the S-HPC4AI model are discussed, suggesting possible solutions.",
845,Transforming Energy Through Computational Excellence: A View From NREL,,
848,Job Scheduler-Driven Power Gateway for High Performance Computing,"Power gateways in the form of a microgrid can incorporate multiple distributed energy resources (DER) in either grid forming or grid following mode and support high performance computing (HPC) power profiles including the large load-follow requirements observed in multi-user HPC systems. The microgrid's flexibility to operate in either grid forming or grid following mode and to actively switch between these modes enables baseline power from multiple non-baseline DER while maintaining high power quality metrics for the HPC system. But this enormous flexibility in demand response and time of use shifting is generally programmed independently of any integration with an HPC job scheduler, which can better inform the load shaping by the microgrid. While there are many existing approaches where the HPC job scheduler takes in information from the grid to make queue scheduling decisions, this work takes the opposite view and explores three strategies where the forecast of jobs in the queue can change the settings of the grid. Three strategies are tested where the forecast of jobs in the queue adjusts the settings of a microgrid designed for a datacenter, in this case with three classes of HPC architectures. The strategies are demonstrated using a microgrid with 64 kW of solar capacity and 320 kWh of battery over a period of 21 days operating with significant load-follow swings, a throttled grid, cloudy conditions, switching between grid following and grid forming modes, and a wide range of battery states-of-charge, all while maintaining high quality power metrics. The strategies presented provide a mechanism for the forecast of jobs in the queue to influence and adjust the settings of a microgrid and to improve HPC power outcomes such as maximizing renewable energy usage.",
850,Assessing Processor Sustainability Using the First-Order FOCAL Carbon Model,"To overcome the inherent data uncertainty regarding the sustainability of computing devices in general and processors in particular, this article proposes the parameterized First-Order analytical CArbon modeL (FOCAL) to assess processor sustainability from first principles. FOCAL's normalized carbon footprint metric guides computer architects to holistically optimize chip area, energy, and power consumption to reduce a processor's environmental footprint. We use FOCAL to analyze and categorize a broad set of archetypal processor mechanisms into strongly, weakly, or less sustainable design choices, providing insight and intuition into how to reduce a processor's environmental footprint with implications to both hardware and software. A case study illustrates a pathway for designing strongly sustainable multicore processors delivering high performance while at the same time reducing their environmental footprint.",
851,Sustainable Grid through Distributed Data Centers : Spinning AI Demand for Grid Stabilization and Optimization,"We propose a disruptive paradigm to actively place and schedule TWhrs of parallel AI jobs strategically on the grid, at distributed, grid-aware high performance compute data centers (HPC) capable of using their massive power and energy load to stabilize the grid while reducing grid build-out requirements, maximizing use of renewable energy, and reducing Green House Gas (GHG) emissions. Our approach will enable the creation of new, value adding markets for spinning compute demand, providing market based incentives that will drive the joint optimization of energy and learning.",
898,Carbon-Aware Server Replacement,"Cloud computing contributes significantly to the global carbon emissions. Server management, including server replacement policies heavily influences the carbon footprint of cloud computing. While periodically replacing servers with newer hardware enhances energy efficiency, in turn reducing the operational carbon emissions from running servers, it also increases the embodied carbon footprint associated with server manufacturing. We propose an analytical model to determine the optimal server replacement frequency to reduce the overall datacenter carbon footprint, encompassing both embodied and operational carbon. Using our model, we perform a case study to analyze the impact prolonged server lifetime has on the net carbon footprint of a high performance computing cluster.",
908,Reducing Digital $\textCO_2$ Footprint in IT Systems Using Temporal Difference Learning for Energy-Aware Scheduling,"Optimizing resource allocation is critical for reducing power consumption and minimizing carbon emissions in high-performance computing environments. This research presents a Deep-Q-Network based Reinforcement Learning DQNAgent to enhance decision-making in CPU/GPU allocation, and workload allocation. For better decision making, the proposed DQNAgent follows an epsilon-greedy policy to balance exploration and exploitation. The agent is trained for 1000 episodes, keeping exploration rate ($\epsilon$) decreases from 1.0 (random action selection) to 0.01 (optimal policy execution), which enables the DQNAgent to make more informed decisions. The DQNAgent is trained on a CPU/GPU workstation. The experimental results clearly indicate that training the agent on a CPU-based system to learn an optimal policy to minimize emissions takes approximately 7 hours and 17 minutes, while utilizing a GPU workstation significantly reduces execution time to less than 2 minutes, thereby accelerating real-time decision-making. Results indicate that the proposed method effectively optimizes energy efficiency, reducing overall power consumption while maintaining computational performance. This research work paves way for leveraging Artificial Intelligence driven reinforcement learning for sustainable and intelligent computing systems.",
924,ROA: Energy and Environment Aware Task Scheduling in Cloud Computing,"Efficient task scheduling is a critical concern in cloud computing to ensure optimal resource utilization and sustainable operation. This paper introduces a novel Revolution Optimization Algorithm (ROA) for task scheduling in cloud environments, designed to minimize energy consumption, temperature variation, and carbon emissions. Inspired by socio-political revolutions, ROA incorporates a dynamic strategy that balances exploration and exploitation during the task-to-resource mapping process. The proposed approach is validated using the CloudSim simulator under realistic workload conditions based on the CEA-Curie workload, which reflects high-performance computing scenarios. Performance comparisons were conducted against traditional algorithms such as GA, PSO, and ACO. Experimental results demonstrate that ROA significantly reduces average energy consumption and thermal fluctuations while lowering the environmental impact measured in terms of carbon emissions. The adaptive learning mechanism within ROA enables rapid convergence to optimal solutions, even under fluctuating workloads and heterogeneous cloud resources. Compared to baseline models, ROA achieves an average improvement of 18.7\% in energy efficiency, 16.3\% reduction in temperature variation, and 20.5\% decrease in carbon emissions. These findings suggest that ROA is a promising, eco-efficient solution for sustainable task scheduling in modern cloud computing infrastructures.",
928,Toward a Metal Usage Effectiveness metric in Data Centers: A Study,"Through a detailed breakdown of the metals required to manufacture and interconnect IT components in a High-Performance Computing (HPC) supercomputer, we introduce a novel metric for evaluating its environmental impact: the Metal Usage Effectiveness (MUE). This metric is based on the abiotic depletion potential (ADP), an indicator of the non-renewable material consumption relative to remaining resources. We define this metric as the ADP (expressed in kg antimony equivalents) caused by the extraction of metals required to manufacture and interconnect IT components, divided by the supercomputer computing power (in FLOPS). The MUE, insightful on the supercomputer manufacturing cost relatively to its computing power, complements existing metrics mainly focused on the use phase cost, such as the Power Usage Effectiveness (PUE) or the Water Usage Effectiveness (WUE). It could be a first step toward a more complete Life Cycle Inventory (LCI) of supercomputers and, by extension, data centers. We provide models for estimating copper and gold content in compute hardware components and interconnects of an HPC supercomputer, and apply them to Frontier, the world's first exascale supercomputer.",
929,Sustainability Framework for Computing Element Design,"The semiconductor industry has revolutionized information and communication technologies by enabling unprecedented advancements in computing, communication, and automation. However, alongside this rapid progress, the escalating power consumption and resource demands of integrated circuits have raised critical sustainability concerns. Traditional evaluation figures of merit, such as Power, Performance, and Area (PPA), no longer appear to be sufficient enough to address the environmental impact of these designs. Hence, there is a need for an evaluation paradigm that can assess a design based on Power, Performance, Area, and Sustainability (PPAS). This research proposes a novel Sustainability Framework to allow designers to assess, benchmark, and choose the most efficient and environment-friendly architecture for their product development at the early design phase (i.e., `schematic' and `layout'). The proposed framework is applied on a wide variety of foundation cells to demonstrate it's wide applicability and agility. Foundation cells have been benchmarked and the impact of design choices on sustainability is presented based on different applications like IoT, Automotive, High-Performance Computing, and Portable Electronics.",
935,Design of an Immersion Cooling Data Centers System Based on Deep Hashing Networks,"The rapid growth of cloud computing, HPC, and AI has increased data center computing density, making traditional air-cooling inadequate for high-power servers. Immersion cooling, with better thermal conductivity and energy efficiency, is a promising alternative. However, current systems struggle with real-time data management and dynamic heat dissipation control, limiting adaptability to server thermal loads. This study introduces a Dual-Loss Optimized Deep Hashing Network for Immersion Cooling (DHN-IC), which efficiently processes high-dimensional data and optimizes heat dissipation by addressing hash discretization and semantic similarity loss. The DHN module enables real-time coolant flow adjustments, reducing Power Usage Effectiveness (PUE) and enhancing energy efficiency. Experimental results show DHN-IC improves data retrieval accuracy, reduces cooling energy consumption, and stabilizes server temperatures compared to traditional methods. This research provides insights into intelligent liquid cooling optimization, supporting energy-efficient, sustainable data center development.",
940,ColonyOS: A Meta-OS for Computing Continuums,"Increasing demands for low latency, cost efficiency, and digital sovereignty are driving organisations beyond centralised cloud models towards decentralised and hybrid computing environments. The Edge-to-Cloud computing continuum aims to unify edge and cloud infrastructures into a seamless execution environment, but achieving this remains complex in practice.ColonyOS is an open-source, ready-to-use meta-operating system that coordinates distributed workloads across diverse computing environments. ColonyOS separates coordination from execution using declarative, intent-based function specifications and a lightweight, broker-based architecture that provides OS-like abstractions. This paper outlines key properties of a meta-operating system and describes how these are realised in ColonyOS. The paper also presents practical experiences from two industrial deployments: real-time seismic monitoring at RockSigma AB and integration with EuroHPC supercomputers. These use cases demonstrate ColonyOS's capabilities in enabling resilient workload management and hybrid orchestration across HPC and Kubernetes environments. A referenced study on carbon-aware scheduling further illustrates how ColonyOS supports time-shifting of non-urgent workloads to reduce environmental impact. The paper concludes with a discussion of ColonyOS's architecture and future research directions.",
946,Multi-Objective Low-Carbon Scheduling Method for Data Centers Based on Ensemble Reinforcement Learning,"The explosive growth of GPU data centers is driven by the surging demand for machine learning, artificial intelligence, and high-performance computing applications, with the pressure on the power grid intensifying. Meanwhile, as renewable energy becomes more integrated into the grid, the carbon intensity of grid electricity varies at different times. This variability presents an opportunity for data centers to align their workloads with periods of high renewable energy generation and low carbon intensity, thereby reducing their operational carbon emissions. This paper proposes a multi-objective scheduling strategy to minimize carbon emissions and maximize quality of service (QoS) by identifying the Pareto front. The proposed strategy employs an integrated reinforcement learning model to dynamically integrate action strategies for multiple objectives. Results from a case study based on a real-world, large-scale data center illustrate the method's effectiveness. This effectiveness arises from its dual-objective job scheduling strategy, which simultaneously reduces carbon emissions from electricity consumption and maintains a high quality of service in data centers. The method aims to promote the low-carbon operation of data centers, provide decision support, and facilitate coordination between data centers and power systems in real-world applications.",
962,Liquid Cooling Optimization for Data Centers with Reinforcement Learning,"The growing energy demands of machine learning workloads require more sustainable data centers with reduced energy consumption and lower carbon footprints. Highperformance computing (HPC) and supercomputing data centers, which utilize liquid cooling for improved efficiency over traditional air cooling, stand to benefit significantly from advanced optimization strategies. In this study, we propose a novel Reinforcement Learning (RL) based approach to optimize liquid cooling systems (RL-LC). By applying RL at varying levels of granularity in cooling control, our method achieves over 20\% energy savings, delivering a more efficient and sustainable solution for data center management. Additionally, we introduce a flexible analytical model that supports simulations and digital twin applications, focusing on reducing energy consumption and carbon emissions. This work provides key advancements in liquid cooling technology, offering practical insights to mitigate the environmental impact of HPC operations.",
969,"Advancing Sustainable Semiconductor Innovations Through Simulation, Modeling, and Mentorship: Toward Energy-Efficient and Inclusive Semiconductor Futures","The rapid growth in high-performance computing and artificial intelligence (AI)-driven applications has intensified concerns about the environmental sustainability of semiconductor technologies. This article explores the critical impact of simulation and device modeling in enabling sustainable semiconductor innovations. It highlights how these tools facilitate design technology co-optimization (DTCO), reduce environmental impact, and drive energy-efficient integrated circuit (IC) design. Beyond technical solutions, the article emphasizes the importance of mentorship, diversity, and global collaboration in creating a sustainable and inclusive semiconductor ecosystem. By aligning with the United Nations Sustainable Development Goals (SDGs), the semiconductor industry can continue to innovate responsibly, balancing technology with planetary and societal well-being.",
979,Evaluating Code Portability for Carbon-Efficient RTM Computing,"As GPU architectures continue to diversify across high-performance computing (HPC) systems, ensuring code portability and minimizing environmental impact have become critical challenges. This paper investigates how different programming models affect the carbon-performance efficiency of a Reverse Time Migration (RTM) application, a key workload in geophysics. We provide twelve implementations of the RTM code using CUDA, HIP, Kokkos, RAJA, and OpenMP Target, and evaluate their behavior on eleven GPUs from NVIDIA and AMD. Our analysis covers execution time, energy consumption, and carbon footprint. Results show that HIP, when tuned per architectures and RAJA, achieve the highest code portability in terms of carbon-efficiency, reaching up to 93.7\% and 93.4\% efficiency across all platforms, respectively. Overall, while HIP and CUDA deliver peak performance and the lowest emissions when properly optimized, the gap between these native models and high-level abstractions such as RAJA and Kokkos is steadily narrowing, indicating growing potential for portable and sustainable HPC development.",
983,Efficient Filtering with BERT Embeddings for Researcher–Topic Affinity Prediction in HPC Pipelines,"Matching researchers to strategic topics is crucial for funding allocation and science policy, yet current solutions often depend on Large Language Models (LLMs), which are prohibitively costly in carbon emissions, especially in High-Performance Computing (HPC) environments. In this work, we formulate researcher-topic affinity prediction as a binary classification task (high vs. non-high) using a real-world dataset of 42,046 Portuguese theses and dissertations defended in Brazil in 2023. We evaluate three families of lightweight filtering mechanisms: (i) lexical baselines, (ii) cosine-similarity thresholding on BERT embeddings, and (iii) lightweight classifiers applied to pooled embeddings. Beyond accuracy, we explicitly account for environmental impact by measuring emissions (kg CO2) using CodeCarbon, which offers a carbon-aware evaluation of model efficiency. Results show that while lexical filters are nearly carbon-free but underperform, similarity thresholding provides modest improvements, and lightweight classifiers deliver the best trade-off in terms of performance. Our best model, Granite embeddings with K-Nearest Neighbors (KNN) and max pooling, achieves an F1-macro of 0.779 with only 0.00227 kg CO2, significantly outperforming baselines while keeping emissions negligible. These findings demonstrate that lightweight classifiers can act as effective pre-filters, routing only high-confidence cases to expensive LLMs, thereby reducing latency, cost, and emissions in HPC pipelines.",
984,Efficient Multi-Workload Execution for Sustainable GPU Performance,"Modern scientific research often relies on powerful computing systems that use graphics processing units (GPUs) to run complex applications. However, running these systems requires a large amount of energy, which contributes to carbon emissions and raises concerns about environmental impact. Given this scenario, we explore how sharing a single GPU between multiple applications can improve both performance and sustainability when running scientific workflows. We consider three execution strategies: running applications one after another, running two at the same time, and replacing finished tasks with new ones right away, using eighteen widely used scientific applications on three different GPUs (AMD MI250X, AMD RX 7900XT, and NVIDIA RTX 4090). To demonstrate that finding the best co-execution combination of applications improves resource efficiency, we use a mathematical approach based on linear programming to schedule which applications run together. Our results show that this approach can reduce total execution time by up to 47\% and lower carbon emissions by as much as 34\%, with minimal impact on the performance of individual applications. Additionally, when optimal combinations of parallel applications are used, the overall performance of a complete scientific workflow can improve by 36\%, while carbon emissions are reduced by 25\%.",
994,A Synergistic Deep Learning Optimization Framework for Energy-Efficient HPC Clusters,"The escalating energy consumption of HighPerformance Computing (HPC) facilities, driven by dataintensive applications like Large Language Models, poses a significant sustainability challenge. This paper addresses the critical need to align computational throughput with environmental responsibility. We propose a novel framework that uses a neural network autoencoder for task clustering, followed by a multi-objective optimization model to intelligently allocate tasks across a heterogeneous network of 92 HPC centers. While a single-minded focus on speed reduces makespan by $58.5 \%$ compared to a FIFO scheduler, it offers no energy savings. In contrast, our multi-objective approach reveals a Pareto front of optimal solutions, demonstrating that a minor $10 \%$ concession in makespan can yield a significant $25 \%$ reduction in energy consumption, which directly translates to a reduction in carbon emissions based on the regional energy mix. This provides a practical framework for operators to select a scheduling policy that aligns with both performance targets and sustainability goals.",
997,"Energy Consumption in Computing over the Decades: Trends, Efficiency, and Measurement Challenges","This study presents a historical and technical analysis of energy consumption in computing systems, tracing its evolution from the mid-20th century to the present. It examines the trajectory from the energy-intensive operation of early mainframes to the contemporary emphasis on energy-efficient data centres and software engineering practices. The emergence of energy metrics such as Power Usage Effectiveness (PUE), the adoption of virtualisation, and advances in cooling and workload management are discussed as critical responses to environmental pressures and operational demands. In parallel, the evolution of software, from low-level optimisation to modern green software engineering, has played a significant role in shaping the energy footprint of computational systems. The study also explores the positive feedback loop formed between hardware efficiency, sustainable software development, and the growing use of computing in climate science, highlighting how these interrelated domains contribute to broader sustainability goals. Current challenges in energy measurement, lifecycle assessment, and distributed computing environments are outlined, and future research directions are proposed. The findings underscore the importance of integrated strategies in addressing the complex relationship between computing and energy, with implications for both technological development and environmental stewardship.",
1023,Strategic Job Allocation Through Sensor Behavior Analysis Using Random Forest and XGBoost,"Data centers are essential in contemporary computing, yet they form a major contributor of carbon emission because of energy inefficiency. This paper discusses how machine learning algorithms (Random Forest and XGBoost) can be utilized in analyzing sensor metrics as one of the ways of making resource use more efficient. Regression and classification were performed on 20 racks, and sensor performance was quite variable in Rack 3 and 19. The Rack 3 had some of the sensors with high Rsquared values, and the sensors in Rack 19 had low R-squared values, and vice versa. In general, the accuracy of both models was similar, although it could be observed that the variation in sensor behavior in distinct racks was apparent. Such knowledge can be used to make intelligent decisions on the distribution of work and help make data centers sustainable. The future research direction will be to implement these models in simulation systems to enhance real-time decision making and decrease on the harmful impact on the environment.",
1027,Energy-Aware HPC Scheduling with LLM-Based Power Prediction,"As the increasing energy consumption of High-Performance Computing (HPC) systems places greater strain on electric grid infrastructure, operational strategies for load balancing become critically important. Energy-aware scheduling offers a promising solution by enabling HPC systems to function as actively managed loads within the energy grid. Despite extensive theoretical research on this strategy, practical implementations and real-system evaluations remain scarce. To bridge this gap, we introduce a systematic approach to developing, evaluating, and implementing energy-aware scheduling without modifications to Slurm's core scheduler. Our method includes a novel mechanism for per-job power prediction based on Large Language Model embeddings of enriched job scripts, coupled with a lightweight, deployable scheduling strategy. Our predictor reduces per-job power MAE by 15\% compared to the current state-of-the-art, and our simulated scheduler shifts 4.0 MWh onto on-site solar without throughput loss. These results demonstrate a clear and practical pathway to production deployment of energy-aware scheduling in HPC.",
1039,Enhanced Reliability of Large BGA Assemblies for AI Server and HPC Application,"Large ball-grid-array (BGA) packages for artificial intelligence (AI) servers and high-performance computing (HPC) systems face increasing reliability risks due to thermal cycling stress, driven by coefficient of thermal expansion (CTE) mismatch and package warpage. The traditional combination of SAC-305 BGA ball and SAC305 solder paste can no longer meet the increasingly stringent reliability requirements. This study evaluates the combined effect of advanced, reliability-enhanced BGA ball alloys: SACA (modified SAC405, containing $\sim 1 \textwt. \% \textBi$, doped with Ni) and SAC-B (modified SAC405, containing $\sim 3 \textwt. \% \textBi$, doped with Ni)) and five contrasting solder pastes: a ductile solder alloy, DFLT (melting temperature is $\sim 206^\circ \mathrmC$, reflowable above 210\textdegree C, selected for its lower reflow temperature to help reduce the warpage), three high-strength alloys (HR1, HR9 and HR12, all with melting temperatures close to SAC305, chosen for their enhanced reliability properties) and SAC305 on solder joint fatigue performance in a $65 \times 65 ~\textmm$ BGA assembly. Thermal cycling tests up to 800 cycles were performed, followed by dye-and-pry inspection and cross-section analysis to quantify crack initiation and propagation. Results show that solder paste selection strongly influences reliability. The SAC-B+DFLT combination exhibited the best performance, with the lowest cracked-joint counts and minimal crack length ratios, while SAC-A+SAC305 showed the highest damage severity. Analysis may indicate that In elements from DFLT lower reflow peak temperature down to $\sim 220 ^\circ \mathrmC$, slow down the cracking formation and control IMC growth. Although more investigation is still ongoing on the strengthening mechanism, this work provides practical insights into alloy-paste synergy for large BGA reliability and introduces a strategy that not only improves thermal fatigue resistance but also reduces warpage, energy consumption and carbon footprint through lower-temperature processing, offering a sustainable solution for next-generation AI and HPC applications.",
1049,Microgrid Architecture for AI Computing Facilities,"Hybrid microgrid architectures integrating solar photovoltaic (PV), wind turbines, and battery energy storage systems (BESS) can significantly enhance reliability and sustainability for AI computing facilities, whose energy demands are projected to reach 8\% of global electricity consumption by 2030 [1]. Multi-objective optimization algorithms such as NSGA-II and PSO demonstrate up to 99.6\% renewable energy coverage while optimizing energy allocation and efficiency through balanced resource integration [2] [3]. AI-based controls improve stability and reduce energy waste by 15–20\%, though cybersecurity and integration challenges remain concerns [4].This study presents a simulation-based methodology integrating the Vessim co-simulator and NREL's System Advisor Model (SAM) to evaluate PV–wind–BESS microgrids under AI workloads, using Perlmutter supercomputer data (1.62 MW average). Through multi-horizon optimization, the system achieves \geq95\% renewable coverage while reducing response time by 30.5\%, undershoot by 75.8\%, and steady-state error by 68.7\%. Real-world case studies, such as Microsoft's 100 MW RNG-fueled San Jose microgrid, validate the approach with improved energy reliability over traditional grid-dependent systems. These results demonstrate the feasibility of resilient, efficient power for AI facilities and highlight pathways toward hydrogen integration and scalable adoption.",
1054,Innovative Thermal Design: How Nature is Redefining Heat Management in Supercomputing,"The urgent need to properly manage thermal conditions of supercomputing systems has become increasingly important because of their rising complexity and performance levels. The three standard cooling techniques that use air cooling fans alongside liquid circuits along with elaborate refrigerant systems prevail yet fail to strike equilibrium between environmental sustainability and operational performance. The deployment of such conventional cooling methods consumes vast amounts of power and results in substantial operational expenses alongside environmental deterioration. A meaningful change has occurred through implementing nature-based cooling solutions during the past few years. Thermal load reduction and energy reduction become achievable through innovative utilization of environmental resources including cold air from outdoor temperatures, ocean water, underground temperatures and glacial environments by organizations today. Several real-life examples prove natural cooling methods effective for large-scale high-performance computing operations: Microsoft uses underwater facilities while Facebook operates in Arctic conditions and Google accesses ocean water for cooling. The study evaluates heat management evolution by studying standard cooling practices against nature-driven heat removal solutions. The research explores ways to use natural elements for improving thermal efficiency while simultaneously reducing operational costs toward creating sustainable computing systems. The paper demonstrates through quantitative assessment and concrete environmental applications that natural elements are effective solutions for supercomputing heat management.",
1058,Extending the Service Life and Enhancing Efficiency of Panel Boards in High-Demand Environments,"SUMMARYThe demand for electrical power is increasing at an unprecedented rate, driven by the explosive growth of Artificial Intelligence (AI) and the corresponding rise in high-performance computing workloads. In data centers, this surge is pushing the limits of power consumption, requiring robust and scalable infrastructure to support AI-driven operations.Modern data center power distribution architectures are designed to deliver reliable and redundant power from utility sources through switchgear, UPS systems, and distribution units, ultimately reaching server racks via low-voltage panel boards. These panel boards are critical components that manage and distribute power to both compute systems and auxiliary infrastructure such as liquid cooling systems, including chillers and pumps.As server hardware evolves and current densities increase, panel boards must be engineered to remain resilient under elevated thermal and electrical stresses. While liquid cooling improves energy efficiency at the rack level, panel boards must accommodate the increased power demands of both the servers and the cooling systems. This results in higher current flow, which can lead to localized heat losses, accelerated aging, and reduced service life, ultimately impacting the energy efficiency and sustainability of the data center.To address these challenges, we have developed a systematic framework that begins with an analysis of Data Center workloads, environmental conditions, and operating profiles. These inputs are used to identify thermal hotspots and quantify the service life of panel boards under realistic stress conditions. The framework integrates field failure data, mission profile analysis, thermal modeling, and fault tree analysis to pinpoint vulnerabilities and contributing factors.A Design of Experiments (DoE) was created to evaluate thermal stresses under various factors. We investigated the dominant failure mechanisms and identified metrics to monitor degradation. Reliability targets were allocated using a Reliability Block Diagram (RBD) and engineering judgment, which informed the sample size and test duration for an Accelerated Life Test (ALT). A custom test setup was developed to execute the ALT.The DoE and ALT will be implemented, and the resulting data will be used to develop an optimization model aimed at minimizing energy consumption and carbon emissions (CO2e). CO2e, or carbon dioxide equivalent, is a standardized metric used to quantify the total impact of greenhouse gases on climate change. This framework is currently being applied to one panel product, with plans to scale across applicable product lines to enhance reliability and sustainability.The methodology combines several analytical approaches:\textbulletPareto Analysis of Field Failures\textbulletMission Profile Impact Analysis\textbulletThermal Modeling\textbulletQualitative Fault Tree Analysis (FTA)\textbulletDesign of Experiments (DoE)\textbulletAccelerated Life Test (ALT)\textbulletReliability Block Diagram (RBD)Qualitative FTA is used to identify areas of weaknesses and potential factors contributing to the weaknesses. RBD and allocation analysis is used to allocate reliability targets. The data generated from DoE and ALT tests will be utilized to set a baseline and optimize mean life for energy savings and reduced CO2e by determining design solutions aimed at extending the lifetime of the panel boards.This paper outlines a roadmap for advancing reliability engineering practices in the context of electrical distribution equipment, with a particular focus on enhancing the quality, resilience, and sustainability of panel boards used in high-demand environments such as data centers.The proposed framework not only addresses the immediate challenges posed by increasing current densities and thermal stresses but also enables continuous improvement in reliability assessment and design optimization. By integrating mission profile analysis, thermal modeling, and accelerated life testing, the approach provides a quantitative foundation for predicting service life and optimizing performance with respect to energy consumption and carbon emissions (CO2e).",
1060,Optimal Energy Planning for High-Powered Computing Based on Grey Wolf Model,"With the increasing demand of artificial intelligence (AI), data science and cryptocurrency mining in recent years, the application of High-Powered Computing (HPC) is increasing. The paper estimates the global power consumption and resulting Greenhouse Gas (GHG) emissions of HPC considering the current energy mix and energy utilization, and subsequently analyzes the wider impact of HPC on the global environment and explores the potential role of renewable energy in mitigating these impacts. We analyze the potential benefits of hybrid energy from various aspects such as carbon emissions, costs and environmental pollution. Considering the future development needs, we use ARIMA prediction model to predict the future development trend of HPC, and use Grey Wolf optimization algorithm to explore the best mixing ratio of hybrid energy with the change of HPC energy consumption. This paper also analyzes the change of the environmental impact of HPC energy consumption as the proportion of clean energy increases. The results show that HPC energy consumption has a significant impact on the environment. However, if clean energy technologies are vigorously developed, increasing the proportion of clean energy can significantly reduce the emissions of greenhouse gases and harmful gases.",
1188,Sustainability and the Office of CyberInfrastructure,"The National Science Foundationpsilas Office of CyberInfrastructure (OCI) supports a broad set of infrastructure, including hardware, software, and services to enable computational science in a variety of disciplines. Issues of sustainability and reusability in this context have become a priority. This paper addresses several approaches to sustainability, and how they OCIs task forces are addressing this critical need.",
1205,"Thermal management in high performance computers by use of heat Pipes and vapor chambers, and the challenges of global warming and environment","The trend of the computer processors performance and power consumption has been increased significantly each year. Heat dissipation has been increased but in contrast the size of die on the processor has been reduced or remained the same size due to nano-size circuit technology and thus the heat flux is critically high. The extreme high performance processors heat flux can be over 100 W/cm2, which is likely 10 times higher than the surface of the household standard clothes iron. The intention of this paper is to provide insight into various thermal management solution using heat pipes and vapor chambers as heat transfer devices. This paper includes designs, data, and discussions of various fan sink air cooling designs showing how the design changes to push the limit of the air cooling capability. The utilization of the two-phase fluid phenomena to spread the heat was a key factor to be the leader of extending the air cooling limit capability for high performance computers. In addition to the thermal management for computers, in this paper also include consideration use of heat pipes to prevent global crisis of global warming and environmental impact by reducing green house gas emission. For example, use energy based cooling system such as heat pipes and cold storage system for partial cooling in the existing cooling system of data center can reduce the power electric assumption of the cooling system. Another example such as use of heat pipe to prevent icebergs and glaciers melting in Arctic ocean. Finally, the authors make recommendation what and which way we are going to develop for next generation of high power cooling chips, and our endeavor to use heat pipes in potential application to reduce global warming.",
1217,A sustainable data center with heat-activated cooling,"Technological and economic trends in data centers push toward facilities operated at higher ambient temperatures and at higher power densities to meet ever-increasing computational demands. Conventionally, data centers are cooled with vapor-compressor equipment which requires extra power to be driven. This paper proposes an alternative and sustainable data center cooling architecture that is heat driven. The thermal source is the heat produced by the data center room's equipment. A major challenge is providing both enough cooling to the data center and enough exergy to drive the cooling process, regardless of the thermal output of the data center equipment. This challenge is addressed by the use of organic heat storage and a sustainably powered (i.e. solar-powered) heat source, leading potentially to a PUE (Power Usage Effectiveness) value of less than one.",
1223,Environmentally Opportunistic Computing transforming the data center for economic and environmental sustainability,"The United States Environmental Protection Agency forecasts the 2011 national IT electric energy expenditure will grow toward \$7.4 billion [1]. In parallel to economic IT energy concerns, the general public and environmental advocacy groups are demanding proactive steps toward sustainable green processes. Our contribution to the solution of this problem is Environmentally Opportunistic Computing (EOC). Our Green Cloud EOC prototype serves as an operational demonstration that IT resources can be integrated with the dominate energy footprint of existing facilities and dynamically controlled to balance process throughput, thermal transfer, and available cooling via process management and migration. The Green Cloud is a sustainable computing technology that complements existing efficiency improvements at the application, operating system and hardware levels. Exhaust heat energy is transferred directly to an adjacent greenhouse facility and cooling is provided by free cooling methods. We will describe the architecture and operation of this successful prototype that has led to its growing use in our production environments.",
1227,"Money for Research, Not Energy Bills: Finding Energy and Cost Savings in High-Performance Computer Facility Designs","High-performance computing facilities in the US consume enormous amounts of electricity,, cutting into research budgets and challenging efforts to reduce energy consumption and meet environmental goals. Facility designs that target efficiency greatly reduce energy demand. This case study describes strategies and technologies to achieve facility energy reductions through thoughtful design.",
1235,Enabling Sustainable Clouds via Environmentally Opportunistic Computing,"Increasing economic and environmental costs of running data centers has driven interest in sustainable computing. Environmentally Opportunistic Computing (EOC) is an approach to harvesting heat produced by computing clusters. Our Green Cloud EOC prototype serves as an operational demonstration that IT resources can be integrated with the dominate energy footprint of existing facilities and dynamically controlled to balance process throughput, thermal transfer, and free cooling via job management and migration. We will describe the architecture and operation of this successful prototype with prime interest in the management of servers running in free cooling conditions.",
1264,Approach towards an energy-aware and energy-efficient high performance computing environment,"The CO2 emission of data centres worldwide is already equivalent to about the total airlines' CO2 emissions, and accounts for almost 2\% of the world production. As energy consumption increases and environmental concerns grow, efficiency of IT systems and data centres becomes a priority for the industry. High Performance Computing is considered one of the major issues to be addressed in this context. The GAMES project aims at developing a set of innovative methodologies, metrics, Open Source ICT services and tools for the active management of energy efficiency of IT Service Centres. In this paper we are going to present how in particular complex HPC environments can be monitored and managed in an energy-efficient way whilst keeping the additional payload for the entire system as little as possible.",
1270,System-level thermal-aware design of 3D multiprocessors with inter-tier liquid cooling,"Rising chip temperatures and aggravated thermal reliability issues have characterized the emergence of 3D multiprocessor system-on-chips (3D-MPSoCs), necessitating the development of advanced cooling technologies. Microchannel based inter-tier liquid cooling of ICs has been envisaged as the most promising solution to this problem. A system-level thermal-aware design of electronic systems becomes imperative with the advent of these new cooling technologies, in order to preserve the reliable functioning of these ICs and effective management of the rising energy budgets of high-performance computing systems. This paper reviews the recent advances in the area of system-level thermal modeling and management techniques for 3D multiprocessors with advanced liquid cooling. These concepts are combined to present a vision of a green data-center of the future which reduces the CO2 emissions by reusing the heat it generates.",
1284,Sustainability in silicon and systems development,"In conclusion, the path to sustainability in high performance computing must start with solving the power limitation problem. To overcome this challenge, we need to take a holistic approach that utilizes process technology and circuit techniques, architectural techniques, and platform techniques including hardware and software co-design. Technology advances required to make exascale successful will trickle down to solving power limitations in mainstream devices such as handhelds. Going forward, we appeal to the semiconductor industry to be stewards of the planet by developing energy efficient technologies while minimizing their environmental footprint.",
1318,Green-aware workload scheduling in geographically distributed data centers,"Renewable (or green) energy, such as solar or wind, has at least partially powered data centers to reduce the environmental impact of traditional energy sources (brown energy with high carbon footprint). In this paper, we propose a holistic workload scheduling algorithm to minimize the brown energy consumption across multiple geographically distributed data centers with renewable energy sources. While green energy supply for a single data center is intermittent due to daily/seasonal effects, our workload scheduling algorithm is aware of different amounts of green energy supply and dynamically schedules the workload across data centers. The scheduling decision adapts to workload and data center cooling dynamics. Our experiments with real workload traces demonstrate that our scheduling algorithm greatly reduces brown energy consumption by up to 40\% in comparison with other scheduling policies.",
1330,[Title page i],"The following topics are dealt with: parallel data storage; ultrascale visualization; irregular applications; high performance computing, networking and analytics for the power grid; climate knowledge discovery; network-aware data management; scientific computing; scalable algorithms; exascale applications; multicore computing systems; data intensive scalable computing systems; petascale data analytics; energy efficient high performance computing; sustainable HPC cloud; high performance computational finance; and grid computing.",
1334,A Comprehensive Approach for a Power Efficient General Purpose Supercomputer,"Computers are essential in research and industry, but they are also significant contributors to the worldwide power consumption. The LOEWE-CSC supercomputer addresses this problem by setting new standards in environmental compatibility as well as energy and cooling efficiency for high-performance and general-purpose computing. Designing a pervasively energy efficient compute center requires improvements in multiple fields. The hosting low-loss compute-center operates at a cooling overhead below 8\% of the computer power. General purpose graphics processing units provide more compute performance per watt than standard processors. A balanced hardware configuration ensures that most of the compute power is available to the user when he employs optimized applications. Clever algorithms enable the user to fully exploit the computational potential and avoids to waste power when the processors idles, which is often a cause of inefficient programming. The LOEWE-CSC operated at 740MFlops/W during a Linpack benchmark run, by using commodity servers and ranked place 8 in the Green500 list of November 2010. These innovations provide a fundamental step towards cost-effective, environment-friendly exascale computing and IT operation.",
1341,Energy efficient computing- Green cloud computing,"Moving towards Cloud Computing, high performance computing usage of huge data center (DC) and huge cluster is increasing day by day and energy consumption by these DC and energy dissipation in environment by these DC is also rising day by day. The large amount of CO2 dissipation in environment has generated the necessity of Green computing (saving energy by recycling it and reusing it over a period of time and minimizing the wastage in terms of usage of resources). More processor chips generates more heat, more heat requires more cooling and cooling again generates heats and thus we come to a stage where we want to balance the system by getting the same computing speed at decreased energy consumption. In this paper we proposed different ideas towards green cloud computing approach.",
1342,Green Cloud Computing and Environmental Sustainability,"<P>Cloud computing is a highly scalable and cost-effective infrastructure for running HPC, enterprise and Web applications. However, the growing demand of Cloud infrastructure has drastically increased the energy consumption of data centers, which has become a critical issue. High energy consumption not only translates to high operational cost, which reduces the profit margin of Cloud providers, but also leads to high carbon emissions which is not environmentally friendly. Hence, energy-efficient solutions are required to minimize the impact of Cloud computing on the environment. In order to design such solutions, deep analysis of Cloud is required with respect to their power efficiency. Thus, in this chapter, we discuss various elements of Clouds which contribute to the total energy consumption and how it is addressed in the literature. We also discuss the implication of these solutions for future research directions to enable green Cloud computing. The chapter also explains the role of Cloud users in achieving this goal.</P>",
1371,Energy and Heat-Aware Metrics for Data Centers: Metrics Analysis in the Framework of CoolEmAll Project,"CoolEmAll project aims at improving energy-efficiency of data centers. The main results of CoolEmAll include data center Simulation, Visualization and Decision tools (SVD Toolkit) and models of Data Center Efficiency Building Blocks (DEBBs). The resulting tools of CoolEmAll will permit planners and operators of data centers to carry out flexible and fast simulations to minimize the energy consumption on it and to reduce the associated greenhouse gas emissions. Several metrics have been proposed to assess the energy efficiency on data centers on the framework of CoolEmAll project. Unlike the common metrics on data center industry, the ones proposed in this project are focused not only on power consumption but also on dynamic heat-aware analysis. New metrics developed on CoolEmAll are (a) the Imbalance of Temperature of node, group of nodes and racks and (b) Rack Cooling Index adapted to a group of nodes. Node is defined as the smallest element of a data center to be modeled. This approach will permit to detect the cooling requirements and its source in order to implement strategies to reduce that energy demand. The paper describes the selected metrics and the results obtained on the CoolEmAll first prototype experimental tests.",
1372,Energy- and Heat-Aware HPC Benchmarks,"To evaluate data centers is tough. Several metrics are available to provide insight into their behaviour, but usually they are tested using simple benchmarks like linpack for HPC oriented data centers. A good choice of benchmarks is necessary to evaluate all the impact of applications on those data centers. One point that is often overlooked is their energy- and thermal-quality. To evaluate these qualities, adequate benchmarks are required from several points of view: from the nodes to the whole building. Classical benchmarks selection mainly focuses on time and raw performance. This article aims at shifting the focus towards an energy- and power-point of view. To this end, we select benchmarks able to evaluate data centers not only from this performance perspective, but also from the energy and thermal standpoint. We also provide insight into several classical benchmarks and method to select an adequate and small number of benchmarks in order to provide a sensible and minimum set of energy- and thermal-aware benchmarks for HPC systems.",
1388,A sustainable approach to large ICT science based infrastructures; the case for radio astronomy,"Large sensor-based infrastructures for radio astronomy will be among the most intensive data-driven projects in the world, facing very high power demands. The geographically wide distribution of these infrastructures and their associated processing High Performance Computing (HPC) facilities require Green Information and Communications Technologies (ICT): a combination is needed of low power computing, power and byte efficient data storage, local data services, Smart Grid power management, and inclusion of Renewable Energies. Here we outline the major characteristics and innovation approaches to address power efficiency and long-term power sustainability for radio astronomy projects, focusing on Green ICT for science.",
1400,Building Green Cloud Services at Low Cost,"Interest in powering data enters at least partially using on-site renewable sources, e.g. solar or wind, has been growing. In fact, researchers have studied distributed services comprising networks of such ""green"" data centers, and load distribution approaches that ""follow the renewables"" to maximize their use. However, prior works have not considered where to site such a network for efficient production of renewable energy, while minimizing both data center and renewable plant building costs. Moreover, researchers have not built real load management systems for follow-the-renewables services. Thus, in this paper, we propose a framework, optimization problem, and solution approach for sitting and provisioning green data centers for a follow-the-renewables HPC cloud service. We illustrate the location selection tradeoffs by quantifying the minimum cost of achieving different amounts of renewable energy. Finally, we design and implement a system capable of migrating virtual machines across the green data centers to follow the renewables. Among other interesting results, we demonstrate that one can build green HPC cloud services at a relatively low additional cost compared to existing services.",
1444,CO2-Aware Adaptation Strategies for Cloud Applications,"The increasing utilization of cloud resources raises several issues related to their environmental impact and, more in general, sustainability. Recently, most of the contributions have focused on energy efficiency achieved through a better physical and virtual resource management. The present paper considers instead the application level, extending the focus to the reduction of CO2 emissions related to the execution of applications. We aim to exploit adaptivity through the design of an Application Controller that, enacting the right adaptation strategy for a given context, allows the improvement of the trade off between QoS and CO2 emission reduction. The effectiveness of the approach has been shown running an HPC application in a federated cloud infrastructure.",
1456,Towards greener services in cloud computing: Research and future directives,"Cloud computing is today's most emphasized infrastructure for running high performance computing (HPC), business enterprise and web applications used by almost every online user. The growing demand of distributed powerful data centers has drastically increased the Cloud infrastructure energy consumption, which has started to limit further performance growth not only due to overwhelming electricity bills but also due to carbon dioxide footprint that effect the whole world. Therefore, energy-efficient solutions have become a challenging factor for the ICT future sustainability. To design such solutions, deep analysis of the Cloud infrastructure and the computing resources that contribute to energy consumption is required. This paper discusses various elements that form the cloud computing environment, its role in the total energy consumption and the research directions to enable green Cloud computing. Finally, an energy efficient green Cloud architecture is proposed to provide a unified solution that assists Clouds providers to utilize computing resources in the greenest or most energy-efficient way.",
1461,[Title page i],The following topics are dealt with: computer technology; information technology; ubiquitous computing; secure computing; autonomic computing; dependable computing; pervasive intelligence; pervasive computing; wireless communication; 5G technologies; wireless sensor; ad hoc networks; data management; database systems management; information security; pattern recognition; data mining; artificial intelligence; Internet of Things; multimedia application; QoS/QoE provision; computer graphics; image processing; smart health; utility computing; cloud computing; social media mining; text understanding; intelligent communication; social networks; cybercrimes; sustainable high performance computing; intelligent Big Data systems; cyber-physical computing; and knowledge computing.,
1462,Zero-Carbon Cloud: A Volatile Resource for High-Performance Computing,"The growing deployment of renewable power generation creates a growing opportunity in ""stranded power"", power that is generated a close to zero-cost, but not usable by the power grid. We propose to use this stranded power to create a ""zero carbon"" high-performance computing resource, exploiting the batch computing model to exploit the volatile power efficiently.",
1467,Optimizing parallel HPC applications for green energy sources,"While there has been significant prior research on optimizing the energy-efficiency of parallel applications, there has been much less on optimizing them for green energy sources, which expose rapid changes in power's availability (or cost) due to the use of local renewable energy (or utility demand response programs). In this paper, we present energy management policies that utilize active and inactive power capping to maximize the performance of rigid and elastic parallel tasks when subject to variable power constraints from green energy sources. We implement our policies on CloudLab, and evaluate their performance on multiple applications. Our results demonstrate the importance of designing for green energy with variable power. For example, we show that Graph500 requires 17\% more time and 9\% more energy to complete when power varies based on real-time electricity prices versus when power is unlimited at a fixed price. However, since real-time prices are lower than fixed prices, the total electricity cost of our best energy management policy when using real-time prices is 67\% less than when using fixed prices.",
1483,Workshop: Sustainable and energy efficient data centers,"The objective of this tutorial workshop is to provide a review of sustainable and energy efficient data centers, and explain the most important challenges and opportunities related to them. After the review phase, a practical case study on reducing power consumption of a subarctic supercomputer center by retrofitted direct-to-chip liquid cooling is presented, and an evolution path from pure air-cooling of server racks toward direct liquid cooling is outlined. This tutorial will benefit industry practitioners, educators, and students who want to enhance their knowledge on such emerging subjects as direct liquid cooling of CPUs, extensive waste heat recycling, complementary renewable energy, and cost-effective paths for renewing computer servers and associated storage and communications equipment in the context of profitably ``greening'' data centers. Hence, this tutorial is particularly important for educators teaching in the information technology and computer engineering study programs, as well as for newcomers in the rapidly growing data center industry.",
1490,Hybrid warm water cooled supercomputing system,"The National Renewable Energy Laboratory (NREL) has implemented a state-of-the-art facility which tightly integrates campus and datacenter thermal management and allows for a chiller-less system with substantially lower capital and operating expenses than a traditional data center. To further lower these expenses, NREL recovers waste heat for use in climate control of offices and laboratories co-located with its data center. The NREL data center houses a liquid cooled High Performance Computing (HPC) system and supporting air cooled computing equipment collectively known as Peregrine. The energy efficiency of NREL's facility is explored using data acquired during facility operation. The facility achieved an average Power Usage Effectiveness (PUE) of 1.05 over the most recent year of operation. During the study, Peregrine had a peak power consumption of approximately 900kW, while the combination of the cooling towers, pumps, and lighting/plug loads consumed an average of 25.3 kW. Since the start of operations, NREL estimates that it saves approximately \$200,000 per year through the recovery of datacenter waste heat. The availability of recovered heat allowed NREL to delay startup of the campus heating boiler by approximately one month during the autumn of 2015.",
1503,An analysis of the feasibility of energy harvesting with thermoelectric generators on petascale and exascale systems,"The heat induced by computing resources is generally a waste of energy in supercomputers. This is especially true in very large scale supercomputers, where the produced heat has to be compensated with expensive and energy consuming cooling systems. Energy is a critical point for future supercomputing trends that currently try to achieve exascale, without having its energy consumption reaching an important fraction of a nuclear power plant. Thus, new ways of generating or recovering energy have to be explored. Energy harvesting consists in recovering wasted energy. ThermoElectric Generators (TEGs) aim to re-cover energy by converting wasted dissipated energy into usable electricity. By combining computing units (CU) and TEGs at very large scale, we spotted a potential way to recover energy from wasted heat generated by computations on supercomputers. In this paper, we study the potential gains in combining TEGs with computational units at petascale and exascale. We present the technology behind TEGs, the study of a typical supercomputer environment, and finally our results concerning binding TEGs and computational units in a petascale and exascale system. With the available technology, we demonstrate that the use of TEGs in a supercomputer environment could be realistic and quickly profitable, and hence have a positive environmental impact.",
1504,[Title page i],The following topics are dealt with: parallel processing workshops; wireless ad-hoc networks; wireless sensor networks; embedded multicore systems; high-performance computing; Big Data; heterogeneous cluster architectures; unconventional cluster architectures; parallel programming models; systems software; high-end computing; power-aware algorithms; parallel software tools; tool infrastructures; sustainable HPC cloud; scheduling; resource management; parallel systems; distributed systems; data science and data engineering.,
1507,"The ExaNeSt Project: Interconnects, Storage, and Packaging for Exascale Systems","ExaNest is one of three European projects that support a ground-breaking computing architecture for exascale-class systems built upon power-efficient 64-bit ARM processors. This group of projects share an ""everything-close"" and ""share-anything"" paradigm, which trims down the power consumption -- by shortening the distance of signals for most data transfers -- as well as the cost and footprint area of the installation -- by reducing the number of devices needed to meet performance targets. In ExaNeSt, we will design and implement: (i) a physical rack prototype and its liquid-cooling subsystem providing ultra-dense compute packaging, (ii) a storage architecture with distributed (in-node) non-volatile memory (NVM) devices, (iii) a unified, low-latency interconnect, designed to efficiently uphold desired Quality-of-Service guarantees for a mix of storage with inter-processor flows, and (iv) efficient rack-level memory sharing, where each page is cacheable at only a single node. Our target is to test alternative storage and interconnect options on actual hardware, using real-world HPC applications. The ExaNeSt consortium brings together technology, skills, and knowledge across the entire value chain, from computing IP, packaging, and system deployment, all the way up to operating systems, storage, HPC, big data frameworks, and cutting-edge applications.",
1508,A practical approach to overcome glitches in achieving high performance computing,"For the past decades as Cloud Computing is becoming a major asset for small and medium scale companies which are competing with large companies either in the form of Infrastructure, Platform, Software, and out of many such aspects, computing is the main aspect. Solution for lots of computing techniques, either related to scientific, industrial or any other area, importance was given to carry out the concept of computing to get the desired results by High Performance Computing but the negative side of it, i.e. whether the computing tasks are leaving a positive carbon foot prints or not and what should be done to achieve these aspects which are being neglected, in this paper we have traced out the various approaches on following which not only gives the positive results related to Carbon foot prints but also if followed properly can lead to increase the efficiency of High Performance Computing.",
1571,"Benchmarking Energy Efficiency, Power Costs and Carbon Emissions on Heterogeneous Systems","With the advent of heterogeneous computing systems consisting of multi-core central processing units (CPUs) and many-core graphics processing units (GPUs), robust methods are needed to facilitate fair benchmark comparisons between different systems. In this paper, we present a benchmarking methodology for measuring a number of performance metrics for heterogeneous systems. Methods for comparing performance and energy efficiency are included. Consideration is given to further metrics, such as associated running costs and carbon emissions. We give a case study for these metrics applied to Bristol University Docking engine, a molecular mechanics-based docking application that has been ported to open computing language at the University of Bristol. Results are included for both AMD and NVIDIA GPUs, and for a highly optimized code on the latest x86 CPUs.",
1574,Large-Scale and Extreme-Scale Computing with Stranded Green Power: Opportunities and Costs,"Power consumption and associated carbon emissions are increasingly critical challenges for large-scale computing. Recent research proposes exploiting stranded power - uneconomic renewable power - for green supercomputing in a system called Zero-Carbon Cloud (ZCCloud) [1], [2], [3]. These efforts studied production supercomputing workloads on stranded-power based computing resources, demonstrating their achievable productivity. We explore economic viability of stranded-power based supercomputing, using three datacenter total-cost-of-ownership (TCO) models to study cost-effectiveness. These studies show that ZCCloud's approach can be cost-effective in the USA today, and is even more attractive in regions with higher power prices (e.g., Japan, Germany), achieving cost advantages as large as 50 percent. Environmental and power-grid benefits are a further advantage. We also explore the sensitivity of these results to changes in hardware TCO; cheaper hardware or longer lifetimes magnify the attractiveness of stranded-power based approaches, yielding advantages as large as 91 percent. These results are robust across different TCO models. Finally, we study extreme-scale supercomputers (>100 MW), finding stranded-power can increase peak capability per cost by as much as 80 percent.",
1583,Thermal aware scheduling on distributed computing water heaters,"Combining computation and water warming is an efficient alternative for recycling dissipated energy. Based on a set of Computing Water Heaters, used as a distributed super computer, we introduce a computing water heater scheduling system that has been validated by simulation on extreme workloads. These simulations lead us to reach an approximate CPU usage of about 60\% while minimizing the thermal resistance usage to 10\% (only when necessary) on a complex steady state.",
1586,SIM-Cumulus: An Academic Cloud for the Provisioning of Network-Simulation-as-a-Service (NSaaS),"Large-scale network simulations are resource and time intensive tasks due to a number of factors i.e., setup configuration, computation time, hardware, and energy cost. These factors ultimately force network researchers to scale-down the scope of experiments, either in terms of simulation entities involved or in abridging expected micro-level details. The Cloud technology facilitates researchers to address mentioned factors by the provisioning of pre-configured instances on shared infrastructure. In this paper, an academic Cloud architecture SIM-Cumulus targeting the research institutions is proposed. SIM-Cumulus provides the framework of virtual machine instances specifically configured for large-scale network simulations, with the aim of efficiency in terms of simulation execution time and energy cost. The performance of SIM-Cumulus is evaluated using large-scale wireless network simulations. Simulation results show that SIM-Cumulus is beneficial in three aspects i.e., 1) promotion of research within the domain of computer networks; 2) consumption of considerably fewer resources in terms of simulation elapsed time and usage cost; and 3) reduction of carbon emission leading toward sustainable IT development.",
1669,Identification of Resource Utilisation Patterns in Data Centers Using Tensor Decomposition,"The worldwide workload of the public cloud infrastructure has been increasing steadily for the past many years and the latest statistics indicate that it will remain so for the coming years. At the same time, the energy consumption of the cloud infrastructure is considerably high. In this respect, the efficient utilisation of computing resources is of profound importance. In contemporary data centres tens of thousands of virtual machines execute simultaneously. Considering the number and heterogeneity of the virtual machines, balancing the demand for and the supply of resources is one of the challenges facing Cloud and Edge Computing. Often, infrastructure providers over-provision resources to ensure that service level agreements are respected. This, however, is not sustainable and its long-term impact on the environment cannot be overlooked. In this paper, we propose the use of tensor decomposition to analyse the resource utilisation metrics of a large number of hosted virtual machines and to identify complementary and contentious features which can be vital for efficient resource utilisation.",
1689,Can Photonic Computing be the Answer to Green and Sustainable Computing?,"For decades now, processing speed has been consistently rising. The top supercomputer, Summit, today, can perform 148,600 trillion calculations in one second (148.6 PF on LINPAC). Exascale supercomputers that can perform more than one million trillion (quintillion) calculations per second are planned for 2021. However, this smooth ride is almost over with the end of Moore's Law and Dennard's Scaling due to the increased power consumption and leakage. Scientists believe that we are reaching serious physical limits. Innovative ideas in device technology and architectures are a must for the next generation of computing. Photonic devices are characterized by their speed and ultra-low power. In this talk we examine the use of alternative Photonic computing architectures based on these devices, on the chip, to solve many critical science and engineering problems, including Partial Differential Equations (the basis for scientific and engineering simulations) and machine learning. We use this to examine the potential and progress needed to reap the full benefits of this technology and move it to becoming a main stream fast green computing alternative.",
1701,Green Power Constrained Scheduling for Sequential Independent Tasks on Identical Parallel Machines,"Energy consumption is a major aspect to consider when designing large scale high performance computing HPC systems. Integrating renewable energy sources to the power supply of an HPC system is an efficient solution to lower its carbon footprint, but it is one faced by challenges since the power production of most renewable sources is variant while the power consumption of the system varies with the workload. Advanced workload management techniques in combination with powering down idle machines allow to increase the efficiency of this solution. We tackle here the problem of scheduling independent tasks on a multi-machine platform that is exclusively run with green energy. We propose different power constrained scheduling algorithms, and evaluate them through an experimental study on an HPC model that considers the possibility to switch machines on or off.",
1754,Efficiency Near the Edge: Increasing the Energy Efficiency of FFTs on GPUs for Real-Time Edge Computing,"The Square Kilometer Array (SKA) is an international initiative for developing the world's largest radio telescope with a total collecting area of over a million square meters. The scale of the operation, combined with the remote location of the telescope, requires the use of energy-efficient computational algorithms. This, along with the extreme data rates that will be produced by the SKA and the requirement for a real-time observing capability, necessitates in-situ data processing in an edge style computing solution. More generally, energy efficiency in the modern computing landscape is becoming of paramount concern. Whether it be the power budget that can limit some of the world's largest supercomputers, or the limited power available to the smallest Internet-of-Things devices. In this article, we study the impact of hardware frequency scaling on the energy consumption and execution time of the Fast Fourier Transform (FFT) on NVIDIA GPUs using the cuFFT library. The FFT is used in many areas of science and it is one of the key algorithms used in radio astronomy data processing pipelines. Through the use of frequency scaling, we show that we can lower the power consumption of the NVIDIA A100 GPU when computing the FFT by up to 47\% compared to the boost clock frequency, with less than a 10\% increase in the execution time. Furthermore, using one common core clock frequency for all tested FFT lengths, we show on average a 43\% reduction in power consumption compared to the boost core clock frequency with an increase in the execution time still below 10\%. We demonstrate how these results can be used to lower the power consumption of existing data processing pipelines. These savings, when considered over years of operation, can yield significant financial savings, but can also lead to a significant reduction of greenhouse gas emissions.",
1788,Harmonization between Renewable Energy and Cloud Computing towards Green Computing A Case Study: Data Center at The University Of Jordan,"The use of high-performance computing in massive data centers (DC) and massive clusters is growing and consequently large number of processor chips is required. This increases their energy required to operate the DC and hence the amounts of emitted pollutants will increase as more electrical power is required to cover the increase in the power input. In addition more heat is generated leading to an increase in the devices and hence efficient cooling is required. To minimize these problems, green cloud computing has become essential. In this work, a study was conducted to investigate the potential of utilization solar PV energy and cloud computing in the data center at the University of Jordan. Various scenarios were suggested for a green cloud computing solution among which and to cut down the running cost of the power consumed, a net metering solar PV hybrid system was designed, such that this system will supply the annual power load. To further cut down the cost, the conventional servers were replaced by cloud servers as an alternative system. Using this alternative system, it was found that the total of required PV panels was reduced by almost 57\%. Finally, it was found that the payback periods of both systems is 20 months.",
1795,Software Sustainability: Beyond the Tower of Babel,"Principally associated with the field of ecology, the topic of sustainability has emerged as an increasingly important area of research in a number of sub-fields within the domain of computing including artificial intelligence, high-performance computing, human-computer interaction, requirements engineering, and scientific computing [9]. Within the field of software engineering, sustainability has been identified as an important topic given modern society's high dependency on increasingly complex and `dangerously fragile' software systems, which operate in evolving, distributed eco-systems [17].",
1797,Heterogeneous Computing Systems for Complex Scientific Discovery Workflows,"With Moore's law progressively running out of steam, heterogeneous computing architectures have been powering the top supercomputers in the world for many years and are now finding broader adoption across the industry. The trend towards sustainable computing also requires domain-specific heterogeneous hardware architectures, which promise further gains in energy efficiency. At the same time, today's high performance computing applications have evolved from monolithic simulations in a single domain to multidisciplinary complex workflows. In this paper, we explore how these trends affect system design decisions and what this means for future computing system architectures.",
1804,Low-Pressure Heat Transfer Fluids for Pumped Two-Phase Cooling,"The increasing heat flux from chips, and high server- and rack-level heat densities in high performance computing infrastructure have resulted in the advent of advanced cooling technologies, such as cold plates and immersion cooling. Water-based heat transfer fluids are used in cold plate systems. It is widely debated if it will be effective and energy efficient for cooling of chips with heat flux exceeding 500 kW/m2. Two-phase cooling with dielectric fluorinated fluids, such as hydrofluorocarbons (HFC), hydrochlorofluoroolefins (HCFO), hydrofluoroolefins (HFO), hydrofluoroethers (HFE), in cold plates may be more suited to sustain the ever-increasing heat density. The need to cool devices with ever-increasing power density, the push towards lower global warming potential fluids, and the occupational and equipment safety requirements has motivated a search for suitable two-phase heat transfer fluids. This paper introduces the environmental and occupational safety aspects, and effect of global regulations on the selection of fluorinated heat transfer fluids for use in data centers. This study presents drop-in performance evaluation of low-pressure fluid options, namely, HCFO-1233zd (E), HFC245fa and HFE-7000, in pumped two-phase cooling system for heat flux up to 640 kW/m2. Performance is also compared with single-phase water cooling. The performance is reported in terms of thermal resistances of the cold plate and the system. Compared to water cooling, two-phase cooling achieved lower junction temperatures and more uniform cooling at much lower flow rate. System level thermal resistance was lower for two-phase cooling, except with HFE-7000, which had considerably high thermal resistance in the condenser. Unlike HCFO-1233zd(E), HFC-245fa will be eventually phased-down globally, therefore it is not a sustainable long-term option for the industry. This study shows that HCFO-1233zd(E) is a feasible low-pressure heat transfer fluid option for thermal management of high performance computing infrastructure.",
1826,Energy Measurement Laboratory for Heterogeneous Hardware Evaluation,"Power consumption has become a main constraint in hardware design, and it is becoming a growing concern in HPC community due to the economic cost of electricity and the environmental impact. This paper presents our power measurement laboratory and include as an application example the comparison between FPGA and CPU running an image segmentation algorithm. The FPGA implementation targets AlveoU50 board and was developed using Vitis HLS, the CPU uses OpenCV library and runs in an Intel Xeon 4208. The FPGA version is 20x more energy efficient than the CPU for 4K images and 38x for 8K images.",
1844,Ren\'ee: New Life for Old Phones,"Discarded consumer electronics are a significant and growing source of hazardous waste. Repurposing smartphones has the potential to reduce the rate of disposal. However, reusing smartphones for general computational tasks is difficult due to the variety and domain specificity of the mobile software stack, and the relatively low computational power of these devices. We present the design and proof-of-concept implementation of Ren\'ee, a smartphone-based cluster built from used phones that provides function-as-a-service (FaaS) capabilities. Our experience indicates that reusing decommissioned smartphones for general computational tasks is not only feasible but also that a local cluster built from these devices has the potential to provide faster response times than commercial FaaS while reducing the yearly global warming potential of the reused devices.",
1849,Green Cloud Computing-To Build A Sustainable Tomorrow,"Cloud computing is an excellent alternative to desk computing. Cloud computing technology has a massive number of users as they provide a range of scalability, trustworthiness, and high performance with comparatively low cost. As cloud computing is growing day by day, the energy use in the cloud is also increasing. There is also a need for energy use control in the segment of technology (information and communication). In the case of energy consumption, data centres have attracted more exposure. Green cloud computing corresponds to the environmentally sustainable use of computers and their IT-related tools and facilities. The development of cloud infrastructure redesigns traditional networks and provides both technical and economic benefits and exciting sustainable environmental initiatives. Such technology promises to increase energy efficiency and reduce carbon footprints as well as e-waste. Energy-efficient solutions requiring the best use of the available resources are indeed a standard. The service providers need to implement and redesign the cloud technology to green computing to protect the environment from adverse cloud effects. Cloud architecture with green features includes power management, load balancing, green data centres, virtualisation, high-performance computing, renewability, reuse, recycling, etc. This paper provides a thorough research study on green cloud computing and its features. This paper highlights the challenges of green cloud computing.",
1858,Predicting Technologies That Advance Humanity,"The third annual ``Predictions'' issue of Computer covers a diverse range of technical topics including the Internet in space, data center networking, the carbon footprint of machine language training, human-centered artificial intelligence design and the digital divide.",
1871,Peachy Parallel Assignments (EduPar 2022),"The presentation of Peachy Parallel Assign-ments in several workshops on parallel and distributed computing education aims to promote the reuse of high-quality assignments, both saving precious faculty time and improving the quality of course assignments. Presented assignments are selected competitively- they must have been successfully used in a real classroom, be easy for other instructors to adopt, and be ``cool and inspirational'' to encourage students to spend time on them and talk about them with others. Winning assignments are also archived on the Peachy Parallel Assignments website. In this installment of Peachy Parallel Assignments, we present three new assignments. The first assignment is to simulate an Abelian Sandpile, with grains of sand moving from tall piles to shorter ones. This is a discrete simulation that creates colorful and intricate images. The second assignment is a Big Data problem in which students use the MapReduce paradigm to recreate ``Warming Stripes'', a visualization of climate data that highlights climate change. The third assignment introduces climate-oriented optimization by asking students to schedule distributed workflows to minimize their carbon footprint.",
1885,Scalable Architectures to Support Sustainable Advanced Information Technologies,"Advanced computing resources are requested by different interest groups, with the acceleration of digital transformation generated both by the pandemic and by the explosive increase in available information. Data centers have increased significantly over the past years to answer this demand but are now facing energy efficiency issues and performance requirements. Renewable energy is a promising solution by supplying local energy, but this power generation is reduced, intermittent, and requires changing how computation and data storage is managed. Edge/Fog computing is a promising solution to latency concerns proximity to data centers; however, this solution often extends existing clouds, imposing no specific principles to reduce energy and greenhouse emissions. This paper discusses challenges of a scalable architecture to support sustainable advanced information technology requirements inspired by the circular economy characteristics. The architecture has to keep rethinking computation, optimizing deployment, and regenerating energy.",
1909,Towards Extreme and Sustainable Graph Processing for Urgent Societal Challenges in Europe,"The Graph-Massivizer project, funded by the Horizon Europe research and innovation program, researches and develops a high-performance, scalable, and sustainable platform for information processing and reasoning based on the massive graph (MG) representation of extreme data. It delivers a toolkit of five open-source software tools and FAIR graph datasets covering the sustainable lifecycle of processing extreme data as MGs. The tools focus on holistic usability (from extreme data ingestion and MG creation), automated intelligence (through analytics and reasoning), performance modelling, and environmental sustainability tradeoffs, supported by credible data-driven evidence across the computing continuum. The automated operation uses the emerging serverless computing paradigm for efficiency and event responsiveness. Thus, it supports experienced and novice stakeholders from a broad group of large and small organisations to capitalise on extreme data through MG programming and processing. Graph-Massivizer validates its innovation on four complementary use cases considering their extreme data properties and coverage of the three sustainability pillars (economy, society, and environment): sustainable green finance, global environment protection foresight, green AI for the sustainable automotive industry, and data centre digital twin for exascale computing. Graph-Massivizer promises 70\% more efficient analytics than AliGraph, and 30 \% improved energy awareness for extract, transform and load storage operations than Amazon Redshift. Furthermore, it aims to demonstrate a possible two-fold improvement in data centre energy efficiency and over 25 \% lower greenhouse gas emissions for basic graph operations.",
1937,Sizing renewable energy microgrids for supercomputing centers using particle swarm optimization,"High-performance computing (HPC) centers face growing challenges in managing energy consumption, operational costs, and environmental impact due to their continuous, high-density loads. This study presents a data-driven optimization framework for sizing hybrid renewable energy microgrids tailored to the specific demands of HPC facilities. Using one-minute resolution data collected over a full year from the Data Analysis and Supercomputing Center (CADS) at the Universidad de Guadalajara, we applied Particle Swarm Optimization (PSO) to determine the optimal number of photovoltaic (PV) panels and wind turbines. The optimization simultaneously minimizes total system cost, energy deficit, and operational penalties under strict reliability constraints. Results show that a PV-only system comprising 960 panels (no wind turbines) yields the optimal configuration, covering 75\% of the annual energy demand. The solution achieves a Levelized Cost of Energy (LCOE) of 1.42 MXN/kWh and a payback period of 7.8 years. Due to low average wind speeds (2.1 m/s), wind turbines were excluded. A comparative validation using a Genetic Algorithm (GA) confirmed the robustness of the PSO solution, with a cost deviation below 1.3\%. This study highlights the importance of high-resolution real-world data and site-specific modeling in optimizing microgrids for mission-critical environments. The proposed framework is generalizable and supports informed decision-making for renewable integration in data-intensive infrastructure. \textcopyright 2026",
1975,Sustainable Swarm Intelligence: Assessing Carbon-Aware Optimization in High-Performance AI Systems,"Carbon-aware AI demands clear links between algorithmic choices and verified emission outcomes. This study measures and steers the carbon footprint of swarm-based optimization in HPC by coupling a job-level Emission Impact Metric with sub-minute power and grid-intensity telemetry. Across 480 runs covering 41 algorithms, we report grams CO<sub>2</sub> per successful optimisation and an efficiency index (Formula presented.) (objective gain per kg CO<sub>2</sub>). Results show faster swarms achieve lower integral energy: Particle Swarm emits 24.9 g CO<sub>2</sub> per optimum versus 61.3 g for GridSearch on identical hardware; Whale and Cuckoo approach the best (Formula presented.) frontier, while L-SHADE exhibits front-loaded power spikes. Conservative scale factor schedules and moderate populations reduce emissions without degrading fitness; idle-node suppression further cuts leakage. Agreement between CodeCarbon, MLCO2, and vendor telemetry is within 1.8\%, supporting reproducibility. The framework offers auditable, runtime controls (throttle/hold/release) that embed carbon objectives without violating solution quality budgets. \textcopyright 2025 by the authors.",
1980,AI-driven cooling technologies for high-performance data centres: state-of-the-art review and future directions,"The increasing computational demands of artificial intelligence (AI), high-performance computing (HPC), and hyperscale cloud platforms are placing significant thermal and energy pressures on data centre infrastructure. Traditional air-based cooling systems are increasingly inadequate for managing these loads, prompting a transition toward more efficient, scalable, and sustainable alternatives. This study presents a comprehensive, system-wide review of next-generation cooling technologies, including direct liquid cooling, immersion cooling, two-phase systems, spray and jet impingement cooling, and heat pipe-based solutions. Unlike previous reviews focused on component-level or single-technology evaluations, this study integrates technical performance, commercial readiness, and environmental impact across diverse deployment conditions. A detailed comparative framework synthesises thermal efficiency, scalability, and water usage across air, liquid, and hybrid systems. Special attention is given to commercially mature solutions such as RDHx and cold plate DLC, while the feasibility of emerging methods like AI-driven cooling, phase-change materials, and thermoelectric technologies is evaluated. The review further explores heat reuse potential and ESG-aligned design strategies critical to decarbonising digital infrastructure. By mapping trade-offs across performance, cost, and sustainability, this study offers actionable insights for data centre operators, designers, and policy stakeholders navigating the path to high-efficiency, AI-ready cooling. \textcopyright 2025 The Author(s)",
2006,Large-scale HPC approaches and applications on highly distributed platforms,"The ever-increasing complexity of scientific and industrial challenges due to the enormous amount of data available nowadays requires advanced high-performance computing (HPC) solutions capable of processing and analyzing data efficiently on highly distributed platforms. Traditional centralized HPC systems frequently fall short of the demands of contemporary large-scale applications (e.g., large language models), prompting a move towards more flexible and scalable distributed computing environments. Furthermore, the growing emphasis on the environmental impact of large-scale computing has highlighted the need for sustainable computing practices that minimize energy consumption and carbon footprint. This special issue targets contributions that investigate both the challenges and the opportunities arising from this evolution. The accepted articles highlight enhancements in five key areas: (i) HPC in the cloud continuum, (ii) heterogeneous HPC architectures, performance tools, and programming models, (iii) parallel and distributed algorithms and applications, (iv) data management and storage systems, and (v) sustainable and energy-efficient HPC systems. In total, 29 submissions were received, and 20 papers were selected after a rigorous peer-review process. Collectively, these contributions provide a representative snapshot of current research efforts towards resilient, efficient, and sustainable HPC approaches and applications on highly distributed platforms. \textcopyright 2025 Elsevier B.V. All rights are reserved, including those for text and data mining, AI training, and similar technologies.",
2010,F-DATA: A Fugaku Workload Dataset for Job-centric Predictive Modelling in HPC Systems,"In the last decades, High Performance Computing (HPC) systems have accelerated scientific discoveries and innovations across different domains, from epidemic studies to climate science. For sustainable development of HPC systems, it is fundamental to address their environmental impact regarding carbon footprint emission and energy requirement, while ensuring high system throughput. Analyzing and predicting HPC job execution characteristics is instrumental in developing workload management strategies to simultaneously optimize the system throughput and minimize the environmental impact. However, model development for accurate predictions is hindered by lack of voluminous public datasets. In this paper, we present F-DATA, a public dataset containing the information of around 24 million jobs executed on Fugaku, the most powerful supercomputer during the data collection phase. The data contains an extensive set of features, allowing for a multitude of job characteristics prediction. The sensitive job data appears both in anonymized and irreversibly encoded versions. The encoding is based on a Natural Language Processing model and retains sensitive but useful job information for prediction purposes without violating privacy concerns. \textcopyright The Author(s) 2025.",
2041,Computing Challenges for the Einstein Telescope project,"The discovery of gravitational waves, first observed in September 2015 following the merger of a binary black hole system, has already revolutionised our understanding of the Universe. This was further enhanced in August 2017, when the coalescence of a binary neutron star system was observed both with gravitational waves and a variety of electromagnetic counterparts; this joint observation marked the beginning of gravitational multimessenger astronomy. The Einstein Telescope, a proposed next-generation ground-based gravitational-wave observatory, will dramatically increase the sensitivity to sources: the number of observations of gravitational waves is expected to increase from roughly 100 per year to roughly 100'000 per year, and signals may be visible for hours at a time, given the low frequency cutoff of the planned instrument. This increase in the number of observed events, and the duration with which they are observed, is hugely beneficial to the scientific goals of the community but poses a number of significant computing challenges. Moreover, the currently used computing algorithms do not scale to this new environment, both in terms of the amount of resources required and the speed with which each signal must be characterised. This contribution will discuss the Einstein Telescope's computing challenges, and the activities that are underway to prepare for them. Available computing resources and technologies will greatly evolve in the years ahead, and those working to develop the Einstein Telescope data analysis algorithms will need to take this into account. It will also be important to factor into the initial development of the experiment's computing model the availability of huge parallel HPC systems and ubiquitous Cloud computing; the design of the model will also, for the first time, include the environmental impact as one of the optimisation metrics. \textcopyright The Authors, published by EDP Sciences.",
2067,"Power monitoring and control for large scale projects: SKA, a case study","Large sensor-based science infrastructures for radio astronomy like the SKA will be among the most intensive datadriven projects in the world, facing very high demanding computation, storage, management, and above all power demands. The geographically wide distribution of the SKA and its associated processing requirements in the form of tailored High Performance Computing (HPC) facilities, require a Greener approach towards the Information and Communications Technologies (ICT) adopted for the data processing to enable operational compliance to potentially strict power budgets. Addressing the reduction of electricity costs, improve system power monitoring and the generation and management of electricity at system level is paramount to avoid future inefficiencies and higher costs and enable fulfillments of Key Science Cases. Here we outline major characteristics and innovation approaches to address power efficiency and long-term power sustainability for radio astronomy projects, focusing on Green ICT for science and Smart power monitoring and control. \textcopyright 2016 SPIE.",
2076,The digital revolution of Earth-system science,"Computational science is crucial for delivering reliable weather and climate predictions. However, despite decades of high-performance computing experience, there is serious concern about the sustainability of this application in the post-Moore/Dennard era. Here, we discuss the present limitations in the field and propose the design of a novel infrastructure that is scalable and more adaptable to future, yet unknown computing architectures. \textcopyright 2021, Springer Nature America, Inc.",
2082,The Emerging Challenge of variable Capacity Scheduling,"This book focuses on managing and allocating resources in the new age of renewable power generation. High-performance computing platforms, data centers and cloud computing environments all experience fluctuating capacity over time due to external factors like weather patterns or grid conditions. From a computing perspective, the goal is to optimize resource utilization and minimize disruptions by dynamically adjusting job scheduling and resource allocation strategies in response to these capacity variations. From a societal perspective, the opportunity is to enhance sustainability efforts and to minimize the environmental impact of computing. \textcopyright selection and editorial matter, Anne Benoit, Andrew A. Chien, and Yves Robert; individual; chapters, the contributors.",
2107,CommC: A Multi-Purpose COMModity Hardware Cluster,"The high costs of acquiring and maintaining high-performance computing (HPC) resources pose significant barriers for medium-sized enterprises and educational institutions, often forcing them to rely on expensive cloud-based solutions with recurring costs. This paper introduces CommC, a multi-purpose commodity hardware cluster designed to reduce operational expenses and extend hardware lifespan by repurposing underutilized computing resources. By integrating virtualization (KVM and Proxmox) and containerization (Kubernetes and Docker), CommC creates a scalable, secure, and cost-efficient computing environment. The proposed system enables seamless resource sharing, ensuring high availability and fault tolerance for both containerized and virtualized workloads. To demonstrate its versatility, we deploy big data engines like Apache Spark alongside traditional web services, showcasing CommC's ability to support diverse workloads efficiently. Our cost analysis reveals that CommC reduces computing expenses by up to 77.93\% compared to cloud-based alternatives while also mitigating e-waste accumulation by extending the lifespan of existing hardware. This significantly improves environmental sustainability compared to cloud providers, where frequent hardware turnover contributes to rising carbon emissions. This research contributes to the fields of cloud computing, resource management, and sustainable IT infrastructure by providing a replicable, adaptable, and financially viable alternative to traditional cloud-based solutions. Future work will focus on automating resource allocation, enhancing real-time monitoring, and integrating advanced security mechanisms to further optimize performance and usability. \textcopyright 2025 by the authors.",
2118,Stretching Supercomputers to the Limit: The race is on to build the world's first 'exascale' machines. but the technological challenge is immense.,,
2123,Optimizing the Impact of Upgrading Computer Equipment,"Upgrading hardware platforms and infrastructure, such as personal computers, servers, or supercomputers, suffer from a tension when it comes to carbon neutrality. Increasing performances are an incentive for fast renewal, while manufacturing environmental costs urge us to extend as much as possible the lifetime of devices. Thus, carbon neutrality seems to be difficult to reach. In this article, we propose a theoretical model with an implementation available online. We study a refreshment of only the CPU and we try to answer quantitatively the question 'what is the optimal point for which we may tend to carbon neutrality'? Our approach tackles a model of the greenhouse gas emissions, the primary energy and the monetary cost of two parameters that vary country by country: the use of a microprocessor, and its fabrication. We investigated three different renewal scenarios comparing two and three CPU versions: (1) maintaining a constant workload capacity, (2) maintaining the amount of processor cores fixed, and (3) keeping the amount of microprocessors fixed. Our results suggest that the most efficient solution (i.e with the lowest impacts) is to replace the entire batch of CPUs with the newer batch as soon as possible, which backs up the idea that modular replacement of hardware components is worth studying to help optimizing the impacts of computer equipment in general. \textcopyright 2024 IEEE.",
2129,Environmentally opportunistic computing: Computation as catalyst for sustainable design,"Environmentally Opportunistic Computing (EOC) is a sustainable computing concept that capitalizes on the physical and temporal mobility of modern computer processes and enables distributed computing hardware to be integrated into a facility - or network of facilities - to optimize the consumption of computational waste heat in the built environment. The first implementation of EOC is the prototype Green Cloud Project at Notre Dame, where waste heat from computing hardware is used to offset the heating demands of the parent facility. EOC performs as a ""system-source"" thermal system, with the capability to create heat where it is locally required, to utilize energy when and where it is least expensive, and to minimize a building's overall energy consumption. Instead of expanding active measures (i.e. mechanical systems) to contend with thermal demands, the EOC concept utilizes existing high performance computing and information communications technology coupled with system controls to enable energy hungry, heat producing data systems to become service providers to a building while concurrently utilizing aspects of a building's HVAC infrastructure to cool the machines; essentially, the building receives 'free' heat, and the machines receive free' cooling. In this work, we present the vision of EOC and the current performance capabilities of the Green Cloud prototype from in situ measurements. Recognizing EOCs potential to achieve a new paradigm for sustainable building, the research also begins to explore the integration of EOC at the building scale, acknowledging concept-critical collaboration required between architects, computational hardware and software owners, and building systems engineers. \textcopyright 2011 ASHRAE.",
2136,itwinai: Enabling Scalable AI Workflows on HPC for Digital Twins in Science,"itwinai is a Python library designed to facilitate scalable AI workflows on High-Performance Computing (HPC) systems. By abstracting complex engineering tasks, it reduces overhead and enables seamless scaling of AI models across diverse infrastructures. Deployed on HPC systems, such as J\""ulich and Vega, itwinai allows users to switch between distributed machine learning (ML) frameworks, including PyTorch DDP, DeepSpeed, and Horovod, through a unified interface. The library integrates mechanisms for profiling computational efficiency, tracking key metrics, such as GPU utilization and power consumption, and optimizing hyperparameters at scale. Additionally, it provides transparent offloading of compute-intensive tasks from the cloud to HPC systems and supports model and pipeline parallelism to accommodate large-scale models. A continuous integration and deployment pipeline ensures reproducibility and compatibility across environments. In the interTwin project, itwinai has been utilized in physics and climate research use cases, demonstrating its potential to enhance sustainability and computational efficiency. Its integration with leading scientific computing centers highlights its role in advancing AI-driven digital twins and addressing large-scale scientific challenges. \textcopyright The Authors, published by EDP Sciences.",
2156,Societal Impacts of Scheduling in HPC and Datacenters,"Our objective within this chapter is to clarify the environmental impacts of HPC platforms and Data Centers. On the first side, these domains contribute significantly to carbon emissions. The total weight of both domains is increasing in absolute terms more rapidly than the gains in energy efficiency. Furthermore, the impact is not just on HPC applications or digital cloud services by themselves, but on the entire ecosystem enabled by digital technology today. On the other side, HPC is helping to reduce the overall environmental footprint in other sectors. Thus, we need to consider the trade-off between the benefits of applications and services and their environmental cost. This is a difficult task since digital technologies are most often hidden and then considered as virtual by the majority of people. In addition, this chapter shows how to develop good practices for energy-efficient architectures and softwares. In particular, we present lifecycle analyses, which make it possible to take everything into account in the carbon footprint, including materiality. One of the fundamental points in our study is to look beyond direct effects and to consider rebound effects when designing new services and applications. \textcopyright selection and editorial matter, Anne Benoit, Andrew A. Chien, and Yves Robert; individual; chapters, the contributors.",
2166,"Air-Cooled Chillers For Sustainable, High-Density Data Centers","The accelerated adoption of artificial intelligence (AI) has caused a surge in demand for data center capacity--growth projected to triple by 2030.<sup>1</sup> The complex workloads of AI-powered computing mean data centers are shifting toward high-performance compute (HPC) rack densities that often trend toward 50 kW per rack. To keep pace, data center owners must optimize available data hall space, creating higher-density facilities that carry a unique set of challenges when it comes to achieving operational performance and sustainability. This article examines how air-cooled magnetic bearing chillers can enhance energy efficiency, improve water usage effectiveness and support decarbonization in high-density data centers now and in the future. \textcopyright ASHRAE.",
2194,Sustainability challenges in high-performance computing manufacturing addressing CO2emissions and energy consumption issues,"This study introduces ADCO, a hybrid model combining adaptive boosting regression (ADAR) with electric charged particles optimization (ECPO), designed to enhance predictive accuracy in modeling the environmental impact of high-performance computing (HPC) manufacturing. There is an environmental cost associated with the drive to develop HPC systems that are quicker and more potent, including increasing CO<sub>2</sub> emissions and energy use. Understanding and reducing HPC's environmental effect is essential as its demand rises. This work uses ADAR and light gradient boosting regression (LGBR) to examine energy usage and CO<sub>2</sub> emissions in HPC manufacturing. smell agent optimization (SAO) and electric charged particles optimization (ECPO) are employed for hyperparameter optimization to achieve high prediction accuracy and model convergence. The results show that the improved models work better and provide insightful information for cutting emissions and energy use in the HPC sector. These results support the creation of more ecologically friendly production methods in a rapidly evolving technological environment. ADCO excelled in predicting energy trends with Test RMSE 50.999 and R<sup>2</sup> 0.986, while ADA struggled, showing higher Test RMSE 79.882 and lower R<sup>2</sup> 0.964. The optimal input for forecasting energy consumption is derived from visualizations that focus on both energy consumption and CO<sub>2</sub> emissions, with cement identified as a key feature in each. \textcopyright 2026 Walter de Gruyter GmbH, Berlin/Boston.",
2197,Energy Efficiency of a New Parallel PIC Code for Numerical Simulation of Plasma Dynamics in Open Trap,"The generation of energy-efficient parallel scientific codes became very important in the time of carbon footprint reduction. In this paper, we briefly present our latest particle-in-cell code with the results of a numerical simulation of plasma dynamics in an open trap. This code can be auto-vectorized by the Fortran compiler for Intel Xeon processors with AVX-512 instructions such as Intel Xeon Phi and the highest series of all generations of Intel Xeon Scalable processors. Efficient use of processor architecture is the main feature of an energy-efficient solution. We present a step-by-step methodology of energy consumption calculation using Intel hardware features and Intel VTune software. We also give an estimated value of carbon footprint with the impact of high-performance water cooled hardware. The Power Usage Effectiveness (PUE) in the case of high-performance water cooled hardware is equal to 1.03–1.05, and is up to 1.3 in the case of air-cooled systems. This means that power consumption of liquid cooled systems is lower than that air-cooled ones by up to 25\%. All these factors play an important role in the carbon footprint reduction problem. \textcopyright 2022 by the authors.",
2202,"Navigating Dennard, Carbon and Moore: Scenarios for the Future of NSF Advanced Computational Infrastructure","After a long period of steady improvement, scientific computing equipment (SCE, or HPC) is being disrupted by the end of Dennard scaling, the slowing of Moore's Law, and new challenges to reduce carbon, to fight climate change. What does this mean for the future? We develop a system and portfolio model based on historical NSF XSEDE site systems and apply it to examine potential technology scenarios and what they mean for future compute capacity, power consumption, carbon emissions, datacenter siting, and more. \textcopyright 2022 ACM.",
2203,From HPC Datacenters to Grid-integrated AI Datacenters,"To provide understanding of the opportunities and challenges of datacenters, we describe the basic elements of a datacenter – including power distribution, cooling, and of course computing. We elucidate how these systems create opportunities for dynamic flexibility in capacity, the key element required for grid-integration, and the driving motivation for variable capacity scheduling. We discuss grid dynamics and how growing datacenter demand challenges the decarbonization of the grid with variable renewable generation. This leads to discussion of the important role that datacenters can play in both increasing grid power capacity and accelerating grid decarbonization, and what datacenters (and computation workloads) need to do to help society forward into a more sustainable future, combined with the growth of artificial intelligence. Finally, we discuss some implications for scheduling problems, and some interesting research directions. \textcopyright selection and editorial matter, Anne Benoit, Andrew A. Chien, and Yves Robert; individual; chapters, the contributors.",
2205,Blockchain Digital Twin To Modeling Data Center,"Data Center (DC) 's energy consumption has skyrocketed due to the surge in digital technology, services, and associated applications. By 2030, they are expected to consume 13\% of the global energy demand, potentially up to 21\%, and release 8\% of the associated global carbon emissions. This can lead to significant operational costs, power security impacts, and environmental threats. Prior heuristics, statistics, and engineering approaches are ineffective in improving energy efficiency because of the sheer number of configurations, non-linear parameter interactions, and vast amounts of operating data. Hence, optimizing a DC, particularly the class of High-Performance Computing (HPC) clusters, is a significant concern. Integrating the IoT, sensors, and intelligent devices has significantly contributed to generating vast operational management data from various aspects of the DC industry. Indeed, effectively modeling and processing this data could improve energy efficiency, ensure reliability, reduce operating costs, and sustainably manage DC. This study proposes a holistic approach based on Blockchain Digital Twin, augmented by Artificial Intelligence (AI) processed data to represent the DC physical complex system in virtual and tokenized models. The objective is to obtain near-real-time prediction, optimization, monitoring, controlling and improved decision-making. In detail, the methodology, the architecture and steps taken to develop a scalable analytical dashboard in Blockchain are shown. The pioneering Blockchain DC Digital Twin approach is experimented with in a real infrastructural setting; ENEA HPC Cluster namely CRESCO7 learns from actual operational data and allows the management, monitoring, and control in real-time visualization of the whole DC, thus allowing coverage of the DC status and the optimization of its functionalities. The authors also aim to show the achieved benefits of the Blockchain Digital Twin DC challenge for various stakeholders. \textcopyright 2025 Proceedings of the International Conferences IADIS Information Systems 2025 and e-Society 2025. All rights reserved.",
2234,Scaling up to problem sizes: an environmental life cycle assessment of quantum computing,"With the demonstrated ability to perform calculations in seconds that would take classical supercomputers thousands of years, quantum computers namely hold the promise of radically advancing sustainable IT. However, quantum computers face challenges due to the inherent noise in physical qubits, necessitating error correction for reliable operation in solving industrial-scale problems, which will require more computation time, energy, and electronic components than initial laboratory-scale experiments. Yet, while researchers have modeled and analyzed the environmental impacts of classical computers using Life cycle assessment the environmental performance of quantum computing remains unknown to date. This study contributes to filling this critical gap in two ways: (1) by establishing an environmental profile for quantum computers based on superconducting qubits; and (2) by comparing it to a functionally equivalent profile of a state-of-the-art supercomputer. With the comparison based on the problem size, the paper shows how the usage time can drive an environmental advantage for quantum computers under specific scaling conditions and quantum error correcting codes. The results emphasize that quantum error correction hardware has a substantial environmental impact due to the numerous electronic components needed to achieve 100 logical qubits. This paper can serve as a basis for designing more environmentally friendly quantum computers and for establishing their environmental profiles, as well as those of the human activities that will use them. \textcopyright 2025 The Author(s). Published by IOP Publishing Ltd.",
2321,Computility Planning for~Sustainable Supercomputing Centers,"With the surge in computationally intensive applications, supercomputing centers (SCs) must balance high-performance computing with sustainability amid dynamic energy markets and carbon policies. This paper presents the Cost-Effective Optimization Planning (CEOP) framework, which uses Mixed-Integer Linear Programming (MILP) to optimize long-term resource planning across distributed SCs. CEOP integrates time-variant electricity pricing, renewable energy availability, region-specific subsidies, and cross-regional data transmission into a unified model. Its multi-objective optimization minimizes operational costs, energy use, and carbon emissions while meeting service-level agreement (SLA) requirements, effectively balancing cost, sustainability, and performance. Simulations with real-world data show CEOP cuts annual operational costs by about 20\% compared to traditional approaches, providing SC operators with actionable strategies for sustainable, large-scale computing infrastructure. \textcopyright The Author(s), under exclusive license to Springer Nature Singapore Pte Ltd. 2026.",
2337,The role of environmental ethics and sustainability in research ethics for linguistics: What is currently available in terms of guidance and how might that be improved?,"Ecological sustainability has become a central concern in academic and political discourse and should be considered in research ethics guidelines. However, despite growing environmental awareness, current research ethics guidelines overlook the environmental impacts of academic activities such as travel, lab-based research, and high-performance computing. We argue that it is now imperative to incorporate environmental ethics in these guidelines, aligning them with the 17 sustainable development goals (SDGs) of the UN. Drawing on empirical impact studies, we propose both general recommendations applicable across disciplines and specific guidance for linguistic research that involves high-performance computing, laboratory research, and fieldwork. We also discuss how environmental issues can be addressed in ecolinguistics, linguistics teaching, outreach, and knowledge transfer. In our recommendations, we focus on researchers' responsible use of natural resources in academic practices, including travel, conferences, events, laboratory work, and institutional operations. \textcopyright 2025 the author(s), published by De Gruyter, Berlin/Boston.",
2405,Ten simple rules for building and maintaining sustainable high-performance computing infrastructure for research in resource-limited settings,,
2422,Data Science Approach To Modelling And Optimising Data Center Energy Efficiency,"The rapid digitisation has led to a surge in DCs energy consumption, projected to reach 21\% of global demand by 2030. This poses significant operational and environmental impacts. The integration of IoT and sensors has generated vast amounts of operational data, which, if effectively modelled, can enhance energy efficiency and reduce costs. Traditional so- lutions are inadequate due to the complexity and non-linear system interactions of DCs and the growing volume of monitored operational data. This paper develops a comprehensive hy- brid CNN-LSTM deep learning model that combines Convolutional Neural Networks' (CNNs') ability to recognise spatial and complex operational patterns with Long Short-Term Memory (LSTMs') strength in handling temporal dependencies to predict DC ambient temperature, thereby enhancing energy efficiency while maintaining thermal compliance. Trained on opera- tional data from the Enea HPC CRESCO6 cluster and compared its effectiveness with CNN and LSTM, the model outperformed CNN and LSTM models, achieving a Mean Absolute Error (MAE) of 0.0401 in predicting ambient temperature every 15 minutes. A sensitivity analysis with cooling fan speed set-points (\pm10\%, \pm25\%, and \pm50\%) showed the model's adaptability, with a \pm50\% set-points demonstrates for monitoring and optimising cooling settings, ultimately enhance energy efficiency. \textcopyright 2024, Scipedia S.L., All rights reserved.",
2492,Chasing Carbon: The Elusive Environmental Footprint of Computing,"Given recent algorithm, software, and hardware innovation, computing has enabled a plethora of new applications. As computing becomes increasingly ubiquitous, however, so does its environmental impact. This paper brings the issue to the attention of computer-systems researchers. Our analysis, built on industry-reported characterization, quantifies the environmental effects of computing in terms of carbon emissions. Broadly, carbon emissions have two sources: operational energy consumption, and hardware manufacturing and infrastructure. Although carbon emissions from the former are decreasing thanks to algorithmic, software, and hardware innovations that boost performance and power efficiency, the overall carbon footprint of computer systems continues to grow. This work quantifies the carbon output of computer systems to show that most emissions related to modern mobile and data-center equipment come from hardware manufacturing and infrastructure. We therefore outline future directions for minimizing the environmental impact of computing systems. \textcopyright 2021 IEEE.",
2503,Toward Sustainable and~Cost-Efficient HPC Systems: A Deep Reinforcement Learning Job Scheduling Approach,"Hybrid-powered High Performance Computing (HPC) centers can reduce both operational costs and carbon footprints by aligning job execution with renewable supply and time-varying electricity prices. However, existing Deep Reinforcement Learning (DRL) schedulers often neglect price signals, rely on synthetic energy traces, or conflate job selection and delay, limiting their real-world applicability. This work introduces a cost-aware, multi-action DRL framework that embeds a hybrid energy cost model into an HPC scheduling environment, enabling agents to incorporate dynamic price signals and renewable forecasts while decoupling job selection from execution delay. Evaluated on production-scale workload traces and measured renewable profiles, the proposed scheduler consistently reduces energy costs, improves renewable utilization, and maintains competitive job responsiveness compared with heuristic and learning-based baselines. These results demonstrate a practical path toward economically and environmentally sustainable HPC operations. \textcopyright The Author(s), under exclusive license to Springer Nature Singapore Pte Ltd. 2026.",
2520,Fast could be green? The carbon emission effect of large computing clusters in China,"Given the growing demand for computational power, fostering the transition to green digital infrastructure becomes particularly paramount. This study focuses on the National Supercomputing Center (NSC) in China, using inter-city data and employing the spatial difference-in-differences (SDID), synthetic control methods (SCM), as well as the synthetic DID, to examine the impact of NSC on carbon emissions. Results show that the NSC significantly contributes to increased carbon emissions, primarily due to heightened regional electricity consumption and energy use (scale effect). Although NSC can mitigate these adverse effects by promoting green innovations, enhancing digitization (technology effect), and improving energy structure (composition effect), the impacts remain relatively limited. Heterogeneity tests reveal inter-city differences in NSC's carbon emission effects and its positive role in reducing other pollutants, with urban digitization shown to help mitigate these emissions. The findings underscore the need for policies that optimize NSC energy structure, support green innovation, and promote industrial upgrades. Future efforts should also focus on elevating the level of digitization to surmount the potential turning point of the Kuznets curve. \textcopyright The Author(s), under exclusive licence to Springer Nature B.V. 2025.",
2521,The Impact of Computational Power on Environmental Sustainability – A Comparative Study Involving Two Categories of National-Level Computing Infrastructure,"Given the pivotal role of data and computational prowess in driving innovative competitiveness during the digital epoch, this study expands the scrutiny of environmental impacts stemming from digital technology. It investigates two distinct strata of national-level computing infrastructure (CI)-- namely, the National Supercomputing Centers (NSCs) and the National Big Data Centers (NBDCs)-- focusing on their influence on urban carbon emissions. Employing the synthetic control method, the research unveils that despite the heightened energy consumption at both the NSCs and the NBDCs (scale effect), these computational infrastructures exhibit disparate effects on urban carbon emissions. This incongruity is principally explicated as follows: the establishment of NSCs amplifies regional carbon emissions, while the carbon augmentation effects of the NBDCs are negligible. Furthermore, through examinations of technological effects and compositional effects, it is ascertained that the CI has not significantly improved the structure of local economic sectors, and its triggering effect on green innovation is only evident in NSCs. These discerning findings elucidate that high energy consumption is a major driver of carbon-intensive outcomes in supercomputing and data centers. Nonetheless, it is imperative to underscore that under favorable conditions, computing infrastructure still possesses the potential to significantly alleviate the adverse environmental ``side effects''. \textcopyright 2025, HARD Publishing Company. All rights reserved.",
2558,Energy use and carbon emissions in high-performance computing: A case study for universities and reduction strategies,"Energy use and greenhouse gas (GHG) emissions from high-performance computing (HPC) and high-volume data storage (HDS) strongly increased over recent years. This contrasts with the need for emission reductions to halt global warming in line with the Paris climate goals, calling for ambitious action also for these energy-intensive services. Here we focus on options for institutional users that aim at professional institutional climate action management, where the quantification of emissions from HPC and HDS as part of emission inventories is still rare. We present methods and results of a case study, drawing from HPC/HDS usage data of a collaborative consortium project of data centers and Universities in Austria, where institution-level quantifications of energy use and related GHG emissions were obtained. We find emissions from HPC use strongly dominating, relative to HDS use, for individual institutions and in total; case-study operational emissions summed to about 300–500 tCO<sub>2</sub>eq annually from HPC while HDS emissions were near 3 tCO<sub>2</sub>eq; co-estimated embodied emissions sum up to 50 to 100 and 3 to 10 tCO<sub>2</sub>eq, respectively. Building on the results, the collaboration of data centers and users enabled to derive also more general climate action options, including provider-user synergies. Provider improvements on energy savings, efficiency, shift to renewable sources and transparency to users on energy sources and consumption can meet with deliberate user choice of genuinely ``green'' data centers and user skill advances in ``green coding'', ``smart avoidance'' of inefficient computations and considerate HDS management. Our findings underpin that providers and users jointly need to bring energy use and emissions under control to help meet the Paris climate goals. \textcopyright 2025 The Authors",
2570,Advances in sustainable computing towards Big data and HPC convergence,,
2592,Thermal Management Innovations for Energy-Efficient A.I. Data Centres,"This Paper examines innovative thermal management strategies to improve the energy efficiency of AI data centres. Data centres currently consume about 415 TWh of electricity annually, roughly 1.5\% of global demand, with projections reaching 945 TWh by 2030 due to the growing needs of high-performance AI. Cooling accounts for up to half of this energy consumption and presents a significant efficiency challenge. Traditional air cooling is insufficient for high-density systems, whereas direct liquid cooling and immersion cooling offer superior heat dissipation, supporting ultra-dense AI and high-performance computing setups. Using scenario modelling, statistical analysis, and benchmarking, the study evaluates these advanced cooling approaches. Results indicate significant cooling energy savings (15-40\%), improved Power Usage Effectiveness (PUE), and a reduced environmental impact. The analysis confirms that advanced cooling, particularly immersion cooling, substantially lowers both average and peak cooling energy compared with air-cooling systems. Cross-validation with Lawrence Berkeley National Laboratory (LBNL) benchmarks and Open Compute Project (OCP) guidelines further supports the reliability of these findings, highlighting next-generation cooling as essential for sustainable, AI-driven data centres \textcopyright 2026 The Authors, published by EDP Sciences.",
2636,Preventing the Immense Increase in the Life-Cycle Energy and Carbon Footprints of LLM-Powered Intelligent Chatbots,"Intelligent chatbots powered by large language models (LLMs) have recently been sweeping the world, with potential for a wide variety of industrial applications. Global frontier technology companies are feverishly participating in LLM-powered chatbot design and development, providing several alternatives beyond the famous ChatGPT. However, training, fine-tuning, and updating such intelligent chatbots consume substantial amounts of electricity, resulting in significant carbon emissions. The research and development of all intelligent LLMs and software, hardware manufacturing (e.g., graphics processing units and supercomputers), related data/operations management, and material recycling supporting chatbot services are associated with carbon emissions to varying extents. Attention should therefore be paid to the entire life-cycle energy and carbon footprints of LLM-powered intelligent chatbots in both the present and future in order to mitigate their climate change impact. In this work, we clarify and highlight the energy consumption and carbon emission implications of eight main phases throughout the life cycle of the development of such intelligent chatbots. Based on a life-cycle and interaction analysis of these phases, we propose a system-level solution with three strategic pathways to optimize the management of this industry and mitigate the related footprints. While anticipating the enormous potential of this advanced technology and its products, we make an appeal for a rethinking of the mitigation pathways and strategies of the life-cycle energy usage and carbon emissions of the LLM-powered intelligent chatbot industry and a reshaping of their energy and environmental implications at this early stage of development. \textcopyright 2024 Chinese Academy of Engineering",
2644,HiPPO-KAN-GNN: A Novel Graph Neural Networks-Based Extension to~Temporal Kolmogorov-Arnold Networks for~Multivariate Time Series Forecasting,"Time series forecasting faces challenges from non-stationarity, complex dependencies, and computational demands. Temporal Kolmogorov-Arnold Networks (TKANs) have emerged as a promising alternative to traditional deep learning models, leveraging learnable univariate functions for improved parameter efficiency and interpretability. However, a systematic comparison of TKAN variants is lacking. This paper presents the first comprehensive evaluation of state-of-the-art TKAN models, including TimeKAN, RMoK, and MT-KAN, across large-scale benchmark datasets. We identify a shared limitation in modeling inter-variable dependencies for multivariate forecasting and introduce HiPPO-KAN-GNN, a novel extension incorporating Graph Neural Networks to address this issue. Experiments on a high-performance computing cluster demonstrate consistent accuracy improvements with our model. Additionally, we conduct a sustainability analysis, measuring energy consumption and carbon footprint, offering critical insights for green AI deployment. This study provides a holistic view of TKANs' performance, scalability, and environmental impact, advancing both their practical application and sustainable machine learning research. \textcopyright The Author(s), under exclusive license to Springer Nature Switzerland AG 2026.",
2645,TPU v4: An Optically Reconfigurable Supercomputer for Machine Learning with Hardware Support for Embeddings,"In response to innovations in machine learning (ML) models, production workloads changed radically and rapidly. TPU v4 is the fifth Google domain specific architecture (DSA) and its third supercomputer for such ML models. Optical circuit switches (OCSes) dynamically reconfigure its interconnect topology to improve scale, availability, utilization, modularity, deployment, security, power, and performance; users can pick a twisted 3D torus topology if desired. Much cheaper, lower power, and faster than Infiniband, OCSes and underlying optical components are <5\% of system cost and <3\% of system power. Each TPU v4 includes SparseCores, dataflow processors that accelerate models that rely on embeddings by 5x–7x yet use only 5\% of die area and power. Deployed since 2020, TPU v4 outperforms TPU v3 by 2.1x and improves performance/Watt by 2.7x. The TPU v4 supercomputer is 4x larger at 4096 chips and thus nearly 10x faster overall, which along with OCS flexibility and availability allows a large language model to train at an average of ~60\% of peak FLOPS/second. For similar sized systems, it is ~4.3x–4.5x faster than the Graphcore IPU Bow and is 1.2x–1.7x faster and uses 1.3x–1.9x less power than the Nvidia A100. TPU v4s inside the energy-optimized warehouse scale computers of Google Cloud use ~2-6x less energy and produce ~20x less CO2e than contemporary DSAs in typical on-premise data centers. \textcopyright 2023 Institute of Electrical and Electronics Engineers Inc.. All rights reserved.",
2669,Comparison of flame propagation statistics extracted from direct numerical simulation based on simple and detailed chemistry--part 1: Fundamental flame turbulence interaction,"In the present study, flame propagation statistics from turbulent statistically planar pre-mixed flames obtained from simple and detailed chemistry, three-dimensional Direct Numerical Simulations, were evaluated and compared to each other. To this end, a new database was estab-lished encompassing five different conditions on the turbulent premixed combustion regime dia-gram, using nearly identical numerical methods and the same initial and boundary conditions. A detailed discussion of the advantages and limitations of both approaches is provided, including the difference in carbon footprint for establishing the database. It is shown that displacement speed statistics and their interrelation with curvature and tangential strain rate are in very good qualita-tive and reasonably good quantitative agreement between simple and detailed chemistry Direct Numerical Simulations. Hence, it is concluded that simple chemistry simulations should retain their importance for future combustion research, and the environmental impact of high-performance computing methods should be carefully chosen in relation to the goals to be achieved. \textcopyright 2021 by the authors. Licensee MDPI, Basel, Switzerland.",
2673,Exploratory data analysis for data center energy management,"The continuous improvement in energy efficiency of existing data centers would help reduce their environmental footprints. Greening of Data Centers could be attained using renewable energy sources or more energy efficient compute systems and effective cooling systems. A reliable cooling system is necessary to generate a persistent flow of cold air to cool servers that are subjected to increasing computational load demand. As a matter of fact, servers' dissipated heat effects a strain on the cooling systems and consequently, on electricity consumption. Generated heat in the data center is categorized into different granularity levels namely: server level, rack level, room level, and data center level. Several datasets are collected at ENEA Portici Data Center from CRESCO 6 cluster-A High-Performance Computing Cluster. The cooling and environmental aspects of the data center is also considered for data analysis. This research aims to conduct a rigorous exploratory data analysis on each dataset separately and collectively followed in various stages. This work presents descriptive and inferential analyses for feature selection and extraction process. Furthermore, a supervised Machine learning modelling and correlation estimation is performed on all the datasets to abstract relevant features.That would have an impact on energy efficiency in data centers. \textcopyright 2022 ACM.",
2682,Data Centers and Water: Challenges and Solutions for Sustainable Cooling,"Data center operations require vast quantities of water, often in regions where access is limited. As data centers expand to meet the surging demands of artificial intelligence and high-performance computing, their water and energy use has become a pressing challenge. Data centers' water use results in potential ecological risks from discharge of heated water and elevated salinity. Innovative strategies can help data centers mitigate the negative effects they have on water supply and environmental health. \textcopyright 2025 American Water Works Association.",
2687,Energy-optimized operation of a distributed data center infrastructure located in wind farms: a multi-agent system approach,"This work proposes a multi-agent system aimed at increasing the computing sustainability of high-performance computing data centers that are distributed among several wind farms. The novel approach of wind turbines housing high-performance computing data centers seeks to maximize renewable energy usage by supplying the data centers with otherwise curtailed wind energy, thus increasing wind farm efficiency as well. To optimize data center operation in this unique environment, job execution should be prioritized during periods of high availability of renewable energy. When wind power generation is low, resource utilization should be continuously adjusted to minimize gray electricity consumption with high carbon intensity or high grid consumption costs. Furthermore, green service-level agreements are introduced allowing for more flexibility in terms of deadline compliance, thereby fostering energy-aware data center operation. The proposed multi-agent system realizes a moving-horizon, multi-objective optimization problem to find the best operational strategy, taking into account both sustainability and performance concerns, and is compared against a selection of baseline job scheduling strategies. \textcopyright 2026 The Author(s)",
2696,"Verne Global helps the BMW Group to cut carbon emissions by 3,570 metric tons per year with switch t: Automotive moves high performance computing applications to Iceland to benefit from 100\% renewable, affordable data centre power",,
2735,Advances in Numerical Modeling for Heat Transfer and Thermal Management: A Review of Computational Approaches and Environmental Impacts,"Advances in numerical modeling are essential for heat-transfer applications in electronics cooling, renewable energy, and sustainable construction. This review explores key methods like Computational Fluid Dynamics (CFD), the Finite Element Method (FEM), the Finite Volume Method (FVM), and multiphysics modeling, alongside emerging strategies such as Adaptive Mesh Refinement (AMR), machine learning (ML), reduced-order modeling (ROM), and high-performance computing (HPC). While these techniques improve accuracy and efficiency, they also increase computational energy demands, contributing to a growing carbon footprint and sustainability concerns. Sustainable computing practices, including energy-efficient algorithms and renewable-powered data centers, offer potential solutions. Additionally, the increasing energy consumption in numerical modeling highlights the need for optimization strategies to mitigate environmental impact. Future directions point to quantum computing, adaptive models, and green computing as pathways to sustainable thermal management modeling. This study systematically reviews the latest advancements in numerical heat-transfer modeling and, for the first time, provides an in-depth exploration of the roles of computational energy optimization and green computing in thermal management. This review outlines a roadmap for efficient, environmentally responsible heat-transfer models to meet evolving demands. \textcopyright 2025 by the authors.",
2754,Green Algorithms: Quantifying the Carbon Footprint of Computation,"Climate change is profoundly affecting nearly all aspects of life on earth, including human societies, economies, and health. Various human activities are responsible for significant greenhouse gas (GHG) emissions, including data centers and other sources of large-scale computation. Although many important scientific milestones are achieved thanks to the development of high-performance computing, the resultant environmental impact is underappreciated. In this work, a methodological framework to estimate the carbon footprint of any computational task in a standardized and reliable way is presented and metrics to contextualize GHG emissions are defined. A freely available online tool, Green Algorithms (www.green-algorithms.org) is developed, which enables a user to estimate and report the carbon footprint of their computation. The tool easily integrates with computational processes as it requires minimal information and does not interfere with existing code, while also accounting for a broad range of hardware configurations. Finally, the GHG emissions of algorithms used for particle physics simulations, weather forecasts, and natural language processing are quantified. Taken together, this study develops a simple generalizable framework and freely available tool to quantify the carbon footprint of nearly any computation. Combined with recommendations to minimize unnecessary CO<sub>2</sub> emissions, the authors hope to raise awareness and facilitate greener computation. \textcopyright 2021 The Authors. Advanced Science published by Wiley-VCH GmbH",
2778,Scalable Deep Learning for~Industry 4.0: Speedup with~Distributed Deep Learning and~Environmental Sustainability Considerations,"This paper presents a solution for leveraging High-Performance Computing (HPC) infrastructures, and investigates the integration of distributed deep learning (DDL) techniques~to address Industry 4.0 challenges across three distinct applications: intrusion detection with multi-layer perceptron, defect identification with convolutional neural networks, and predictive maintenance with recurrent neural network. Experimental results, underscore the scalability and efficiency of the proposed~DDL approach. Notably, computations are accelerated by up to 46 times. In addition to performance metrics, this research places significant emphasis on environmental sustainability. Detailed examination~of energy consumption patterns on the HPC infrastructure aims~to minimize the carbon footprint associated with deep learning processes. This dual focus on efficiency and sustainability positions the approach as a holistic and responsible solution~for Industry~4.0 applications. The practical insights enhance~the efficiency of deploying DDL in HPC infrastructure. Additionally, they highlight the significance of eco-friendly AI practices~for ethical and environmentally sustainable technological progress. \textcopyright The Author(s), under exclusive license to Springer Nature Switzerland AG 2024.",
2860,Environmental and economic costs behind LLMs,"Purpose: To discuss the economic and environmental implications of implementing large language models (LLMs) in radiology, highlighting both their transformative potential and the challenges they pose for equitable and sustainable adoption. Methods: Current trends in AI investment, infrastructure requirements, operational costs, and environmental impact associated with LLMs are analyzed, highlighting the specific challenges of integrating LLMs into radiological workflows, including data privacy, regulatory compliance, and cost barriers for healthcare institutions. The analysis also considers the costs of model validation, maintenance, and updates, as well as investments in system integration, staff training, and cybersecurity for clinical implementation. Results: LLMs have revolutionized natural language processing and offer promising applications in radiology, such as improved diagnostic support and workflow optimization. However, their deployment involves substantial financial and environmental costs. Training and operating these models require high-performance computing infrastructure, significant energy consumption, and large volumes of annotated data. Water usage and CO₂ emissions from data centers further raise sustainability concerns, while ongoing operational costs add to the financial burden. Subscription fees and per-query pricing may restrict access for smaller institutions, widening existing inequalities. Conclusion: While LLMs offer significant benefits for radiology, their high economic and environmental costs present challenges to widespread and equitable adoption. Responsible use, sustainable practices, and policy frameworks are essential to ensure that AI-driven innovations do not exacerbate existing disparities in healthcare access and quality. \textcopyright CARS 2026.",
2866,Single-phase immersion cooling for data centers and HPC: Recent advances and system-level challenges,"Single-phase immersion cooling (SPIC) has emerged as a promising solution to address the escalating thermal demands of data centers and high-performance computing (HPC). This review consolidates recent advances in single-phase immersion cooling system, including discussions on dielectric fluids, cooling architectures, and intelligent control frameworks, with emphasis on experimental validation and system-level deployment. Progress in dielectric fluid is also addressed in details. The common dielectric fluid includes synthetic hydrocarbons and nanofluid-enhanced oils that were examined in association with thermal performance and compatibility with electronic components. At the control frontier, models subject to predictive control, digital twins, and reinforcement learning have enabled real-time optimization, predictive fault detection, and adaptive energy management. In parallel, sustainability metrics such as Carbon Usage Effectiveness (CUE), Water Usage Effectiveness (WUE), Renewable Energy Factor (REF), and Life Cycle Assessment (LCA) extend evaluation beyond traditional power usage effectiveness (PUE), incorporating water footprint, carbon impact, and waste heat recovery. Comparative assessments confirm SPIC's operational stability and scalability, but also highlight persistent challenges in coolant reliability, system retrofitting, and certification standards. By bridging the fluid/thermal science, intelligent control, and sustainability metrics, this review provides a comprehensive framework for advancing SPIC as a cornerstone of sustainable, scalable data center cooling. \textcopyright 2026 Elsevier Ltd",
2879,A comprehensive quantitative lifecycle cost and environmental impact analysis model for computing infrastructure,"This paper presents a comprehensive quantitative model for quantitative assessment of the lifecycle costs and environmental impacts of computing infrastructure, with a focus on internet data centers (IDCs) and high-performance computing (HPC) facilities. The key innovation lies in the integration of interdisciplinary cost evaluation and carbon emission methods for the establishment of this quantitative model. This framework, which outlines key cost components and carbon emission factors, enables the calculation of total costs, electricity expenses, and greenhouse gas emissions throughout the lifecycle of infrastructure. With IDCs as a case study, the research clarifies the intricate cost structure associated with equipment procurement, energy usage, land acquisition, and operational expenses. This paper provides an in-depth understanding of the cost structure and environmental impact of computing infrastructure in support of sustainable decision-making in its development. \textbullet Based on established cost estimation methods, such as Lifecycle Cost Analysis (LCCA) and the Analogous Estimating Method, this study examines costs across construction and operation phases. \textbullet The Emission Factor Method is used to quantify environmental impact, emphasizing the significance of regional energy mix and power usage effectiveness (PUE). \textcopyright 2024 The Author(s)",
2884,End-edge-cloud collaborative-driven waste-heat prediction of liquid cooling system for high-performance computing data centers,"High-performance computing (HPC) systems are characterized by extremely high energy consumption, making efficient waste-heat management a critical challenge for sustainable data center operations. Traditional modeling approaches often struggle to capture the complexity of dynamic thermal loads, strong temporal dependencies, and real-time requirements of liquid cooling systems. To address these challenges, this study proposes an end-edge-cloud collaborative (EECC) architecture for short-term waste-heat prediction, enabling intelligent thermal management in HPC data centers with improved accuracy. Within this architecture, a hybrid long short-term memory (LSTM)-Transformer neural network model is developed, integrating the short-term memory capability of LSTM with the long-range dependency modeling capability of Transformer. Experiments using real operational data from the Frontier supercomputer at Oak Ridge National Laboratory (ORNL) demonstrate that the proposed model outperforms several baseline models. Compared with the second-best Transformer model, the hybrid model reduces the root-mean-square error (RMSE) and mean absolute error (MAE) by approximately 21.3\% and 28.4\%, respectively, while achieving the highest coefficient of determination (R<sup>2</sup>) of 0.9767. In probabilistic forecasting, it achieves a prediction-interval coverage probability (PICP) of 0.9652 and a mean prediction-interval width (MPIW) of 0.4904, providing reliable and narrow intervals that support uncertainty-aware operational decisions. The model also demonstrates strong robustness under different random initializations, seasonal variations, and non-stationary operating conditions, confirming its practical applicability in real HPC environments. This study establishes a reliable artificial-intelligence-driven solution for high-precision short-term waste-heat prediction, advancing green computing practices and enhancing energy efficiency and sustainability in HPC data centers. \textcopyright 2026 Elsevier Ltd.",
2885,The REGALE Library: A DDS Interoperability Layer for the HPC PowerStack,"Large-scale computing clusters have been the basis of scientific progress for several decades and have now become a commodity fuelling the AI revolution. Dark Silicon, energy efficiency, power consumption, and hot spots are no longer looming threats of an Information and Communication Technologies (ICT) niche but are today the limiting factor of the capability of the entire human society and a contributor to global carbon emissions. However, from the end user, system administrators, and system integrator perspective, handling and optimising the system for these constraints is not straightforward due to the elevated degree of fragmentation in the software tools and interfaces which handles the power management in high-performance computing (HPC) clusters. In this paper, we present the REGALE Library. It is the result of a collaborative effort in the EU EuroHPC JU REGALE project, which aims to effectively materialize the HPC PowerStack initiative, providing a single layer of communication among different power management tools, libraries, and software. The proposed framework is based on the data distribution service (DDS) and real-time publish–subscribe (RTPS) protocols and FastDDS as their implementation. This enables the various actors in the ecosystem to communicate and exchange messages without any further modification inside their implementation. In this paper, we present the blueprint, functionality tests, and performance and scalability evaluation of the DDS implementation currently used in the REGALE Library in the HPC context. \textcopyright 2025 by the authors.",
2937,Toward a GPU-enabled billionaire SVD in pyLOM,"We develop and implement an accelerated high-performance and open-source computing environment for model order reduction in fluid dynamics called pyLOM. It contains singular value decomposition-based algorithms implemented for massively parallel GPU architectures. The library is profiled in detail under the MareNostrum V supercomputer. The largest case has been computed under 20~s with 100 GPUs and consisted of a billion nodes by a thousand snapshots matrix. A hybrid CPU-GPU parallel randomized QR factorization has been found to be able to leverage such large matrices. The largest speedup factor of 83 has been found on the QR factorization, while the matrix–matrix multiplication has shown a speedup factor of about 2. Additionally, two examples of application are provided in the flow around a cylinder and the Windsor body, whose POD is computed under 3~s with 100 GPUs. This showcases the efficiency of GPUs, resulting in a 97\% reduction in energy to solution and a reduction of 0.11 kg of CO2 emissions. The scalability and efficiency achieved suggest that this framework can play a key role in reducing the energy demands and environmental impact of large-scale data analysis and model order reduction across a wide range of applications. \textcopyright The Author(s) 2026.",
2996,"AI applications for business, medical, and agricultural sustainability","Climate change, natural resource depletion, and unsustainable agricultural practices pose unprecedented challenges to our planet. The increasing environmental footprint of computer networks, communication systems, and other IT infrastructures exacerbates these issues, contributing significantly to energy consumption and greenhouse gas emissions. Without innovative solutions, these challenges will continue to escalate, threatening the sustainability of our planet for future generations. AI Applications for Business, Medical, and Agricultural Sustainability offers a comprehensive solution by harnessing the power of Artificial Intelligence (AI) and High-Performance Computing (HPC). This book showcases how AI's ability to process vast amounts of data and HPC's capability to perform massive computations in short periods can revolutionize climate modeling, energy optimization, and sustainable agriculture. By introducing new energy models, algorithms, and methodologies, the book provides a roadmap for developing next-generation computing and communication infrastructures that are environmentally sustainable. This book is ideal for educators, environmentalists, industry professionals, researchers, and academics. It explores the potential of AI and HPC in addressing environmental challenges and delves into the ethics and policies surrounding their use. By offering practical insights and innovative solutions, AI Applications for Business, Medical, and Agricultural Sustainability empowers readers to make a difference in mitigating climate change, preserving natural resources, and promoting sustainable agriculture. \textcopyright 2024 by IGI Global. All rights reserved.",
3035,Greening Digital,"Since BCS last reported on the carbon footprint of high performance computing, there has been encouraging progress internationally. Greenhouse gas (GHG) emissions from digitalisation appear to have been relatively stable in recent years: globally, the atmospheric release is comparable with the aviation sector, but the exponential growth warnings from some analysts -- associated with video streaming for instance -- have not materialised.",
3036,"Immersion Cooling in Data Centers: A Comprehensive Review of Benefits, Challenges, and Future Directions","Immersion cooling has emerged as a promising solution for the escalating thermal management challenges in the contemporary and modern (next generation) data centers, where traditional aircooling systems are deemed to be inadequate due to rising power densities in microprocessors. The evolution of immersion cooling technologies, highlighting their benefits and the challenges associated with their implementation, is explored in this review. Two-phase microchannel cooling has often been cited as a highly efficient alternative, which can help achieve significant energy savings over air cooling. Subsequent studies have expanded on methods like refrigerant touch cooling, thermosiphon systems, and geothermal immersion cooling. All these strategies can help achieve enhanced energy efficiency, reduced operational costs, and improved Power Usage Effectiveness (PUE). Immersion cooling has been demonstrated to support denser CPU packaging and meet the demands of high-performance computing environments. Despite these advantages, challenges persist, including the need for specialized infrastructure, potential risks related to liquid handling, and integration with existing systems. Advances in environmentally friendly cooling fluids and optimized airflow management have begun to mitigate some of these issues. To fully realize the potential of immersion cooling, future research endeavors should focus on developing standardized protocols and best practices to facilitate its widespread adoption. Enhancing the compatibility of cooling fluids with a broader range of hardware components will be crucial, as will designing systems that are easier to integrate with existing data center infrastructure. Exploring hybrid cooling solutions that combine immersion cooling with other efficient methods could offer additional benefits. Further investigation into the long-term reliability, maintenance requirements, and environmental impacts of immersioncooled systems is essential. Integrating immersion cooling with renewable energy sources and waste heat recovery systems could also enhance sustainability and operational efficiency (e.g., for thermal desalination and wood drying applications). The literature reports can be utilized to identify a clear trend toward adopting immersion cooling as a key strategy for improving energy efficiency and thermal management in data centers. Hence, ongoing research and development efforts need to be redirected to overcoming these remaining obstacles, thus paving the way for more energy efficient data center operations with reduced footprint for water and power consumption in the future; while also improving the sustainability, reliability, robustness, and resilience of these platforms. \textcopyright 2025, Begell House Inc.. All rights reserved.",
3053,"Cloud-computing approach for an environmental, social, and corporate governance focus in universities and businesses","There is an increasing demand for high-performance computing on geophysical exploration applications, which implies more carbon emissions due to higher energy consumption. Furthermore, there is increasing concern about the environmental and social impact that this can generate. We show how cloud computing can handle these challenges simultaneously and thereby assist business leaders in their decision-making. Cloud computing is a paradigm in which users rent computing capacity from providers on a pay-as-you-go basis, thereby reducing the carbon footprint by up to 88\%. It can run software for years uninterrupted using the same capital required to acquire and run on-premises infrastructure, even if such infrastructure has over a thousand graphics processing units. However, the managers must consider that challenges arise from using the cloud, such as trusting their data in a third-party server and expenses throughout the years, especially with storage. \textcopyright 2021 EAGE Publishing BV. All rights reserved.",
3173,Foreword Sustainable Project Pathways for HPC Software 2024 Workshop,,
3185,"EE-HPC-WG'11 - Proceedings of the 2011 Energy Efficient High Performance Computing Working Group Workshop, Co-located with SC'11","The proceedings contain 6 papers. The topics discussed include: power and energy aware computing with Tsubame 2.0 and beyond; lawrence livermore national labortory HPC power management; energy efficiency tools and resources; liquid cooling guidelines; metrics overview and update; and true sustainability, the path to a net-zero datacenter: energy, carbon, water.",
3193,"19th IEEE International Symposium on High Performance Computer Architecture, HPCA 2013",The proceedings contain 55 papers. The topics discussed include: power struggles: revisiting the RISC v CISC debate on contemporary ARM and x86 architectures; skinflint DRAM system: minimizing DRAM chip writes for low power; enabling distributed generation powered sustainable high-performance data center; store-load-branch (SLB) predictor: a compiler assisted branch prediction for data dependent branches; ReCaP: a region-based cure for the common cold (cache); application-to-core mapping policies to reduce memory system interference in multi-core systems; improving multi-core performance using mixed-cell cache architecture; ECM : effective capacity maximizer for high-performance compressed caching; a novel system architecture for web scale applications using lightweight CPUs and virtualized I/O; Runnemede: an architecture for ubiquitous high-performance computing; and architecture support for guest-transparent VM protection from untrusted hypervisor and physical attacks.,
3198,"2014 International Green Computing Conference, IGCC 2014","The proceedings contain 44 papers. The topics discussed include: system architecture support for green enterprise computing; high level performance model based design space exploration for energy-efficient designs on FPGAs; GreenColo: a novel incentive mechanism for minimizing carbon footprint in colocation data center; intelligent joint spatio-temporal management of electric vehicle charging and data center power consumption; complexity-theoretic obstacles to achieving energy savings with near-threshold computing; carbon-aware path provisioning for NRENs; predictability of energy use in homes; mobile phone batteries draining: is green web browsing the solution?; a performance enforcing mechanism for energy- and failure-aware cloud systems; leveraging distributed UPS energy for managing solar energy powered data centers; thermal, power, and co-location aware resource allocation in heterogeneous high performance computing systems; and efficient customer selection for sustainable demand response in smart grids.",
3213,"Proceedings of the 32nd International DAAAM Symposium ""Intelligent Manufacturing and Automation"", DAAAM 2021","The proceedings contain 103 papers. The topics discussed include: mathematical model for human resources planning in the production process; introduction and maintaining public relations of small enterprises in virtual environment; on the effective substitution of turning by peripheral milling; application of game-based learning in MATLAB using object-oriented programming; design of a robot application with regard to energy efficiency; monitoring of indoor air quality in classroom; the concept of cloud of things for overcoming the shortcomings of existing technologies; control unit for seat with variable stiffness; diagnosis of acoustic properties of recycled materials from vehicles; and optimizing Kubernetes performance, efficiency and energy footprint in heterogenous HPC environments.",
3218,ICPE 2022 - Proceedings of the 2022 ACM/SPEC International Conference on Performance Engineering,"The proceedings contain 22 papers. The topics discussed include: data science driven methods for sustainable and failure tolerant edge systems; performance optimization of HPC applications in large-scale cluster systems; LongTale: toward automatic performance anomaly explanation in microservices; an empirical study of service mesh traffic management policies for microservices; best practices for HPC workloads on public cloud platforms: a guide for computational scientists to use public cloud for HPC workloads; exploring the use of novel spatial accelerators in scientific applications; isolating GPU architectural features using parallelism-aware microbenchmarks; and same, same, but dissimilar: exploring measurements for workload time-series similarity.",
3221,"Proceedings of the International Conference for High Performance Computing, Networking, Storage and Analysis, SC 2023",The proceedings contain 99 papers. The topics discussed include: 5 ExaFlop/s HPL-MxP benchmark with linear scalability on the 40-million-core Sunway Supercomputer; big data assimilation: real-time 30-second-refresh heavy rain forecast using Fugaku during Tokyo Olympics and Paralympics; rapid simulations of atmospheric data assimilation of hourly-scale phenomena with modern neural networks; Graphine: enhanced neutral atom quantum computing using application-specific Rydberg atom arrangement; legate sparse: distributed sparse computing in python; clover: toward sustainable ai with carbon-aware machine learning inference service; toward sustainable HPC: carbon footprint estimation and environmental implications of HPC systems; and scaling the leading accuracy of deep equivariant models to biomolecular simulations of realistic size.,
3226,"Proceedings - 2023 31st International Symposium on Modeling, Analysis, and Simulation of Computer and Telecommunication Systems, MASCOTS 2023","The proceedings contain 25 papers. The topics discussed include: license forecasting and scheduling for HPC; advancing cloud sustainability: a versatile framework for container power model training; guiding simulations of multi-tier storage caches using knee detection; training K-means on embedded devices: a deadline-aware and energy efficient design; modeling of AoI minimization for (m,k)-firm streams in 5g networks; interdependent mission impact assessment of an IoT system with Hypergame-theoretic attack-defense behavior modeling; TorchAxf: enabling rapid simulation of approximate DNN models using GPU-based floating-point computing framework; training K-means on embedded devices: a deadline-aware and energy efficient design; interpretable modeling of deep reinforcement learning driven scheduling; and can 5G mmWave enable edge-assisted real-time object detection for augmented reality?.",
3228,"International workshops held at the 29th International Conference on Parallel and Distributed Computing, Euro-Par 2023","The proceedings contain 40 papers. The special focus in this conference is on Parallel and Distributed Computing. The topics include: Towards Resource-Efficient DNN Deployment for Traffic Object Recognition: From Edge to Fog; the Implementation of Battery Charging Strategy for IoT Nodes; subMFL: Compatible subModel Generation for~Federated Learning in~Device Heterogeneous Environment; towards a~Simulation as~a~Service Platform for~the~Cloud-to-Things Continuum; cormas: The Software for~Participatory Modelling and~Its Application for~Managing Natural Resources in~Senegal; Malleable APGAS Programs and~Their Support in~Batch Job Schedulers; task-Level Checkpointing for~Nested Fork-Join Programs Using Work Stealing; making Uintah Performance Portable for~Department of~Energy Exascale Testbeds; Benchmarking the~Parallel 1D Heat Equation Solver in~Chapel, Charm++, C++, HPX, Go, Julia, Python, Rust, Swift, and~Java; Parallel Auto-Scheduling of~Counting Queries in~Machine Learning Applications on~HPC Systems; Energy Efficiency Impact of~Processing in~Memory: A Comprehensive Review of~Workloads on~the~UPMEM Architecture; enhancing Supercomputer Performance with~Malleable Job Scheduling Strategies; a Performance Modelling-Driven Approach to~Hardware Resource Scaling; Adaptive HPC Input/Output Systems; dynamic Allocations in~a~Hierarchical Parallel Context; designing a~Sustainable Serverless Graph Processing Tool on~the~Computing Continuum; diorthotis: A Parallel Batch Evaluator for~Programming Assignments; Experiences and~Lessons Learned from~PHYSICS: A Framework for~Cloud Development with~FaaS; improved IoT Application Placement in~Fog Computing Through Postponement; high-Performance Distributed Computing with~Smartphones; blockchain-Based Decentralized Authority for~Complex Organizational Structures Management; Transparent Remote OpenMP Offloading Based on~MPI; DAPHNE Runtime: Harnessing Parallelism for~Integrated Data Analysis Pipelines; exploring Factors Impacting Data Offloading Performance in~Edge and~Cloud Environments; HEAppE Middleware: From Desktop to~HPC; towards Energy-Aware Machine Learning in~Geo-Distributed IoT Settings; OpenCUBE: Building an~Open Source Cloud Blueprint with~EPI Systems; BDDC Preconditioning on~GPUs for~Cardiac Simulations; Exploring Mapping Strategies for~Co-allocated HPC Applications.",
3229,"Proceedings of SC 2024-W: Workshops of the International Conference for High Performance Computing, Networking, Storage and Analysis",The proceedings contain 226 papers. The topics discussed include: analyzing HPC utilization with PIKA and Vampir; portable cross-facility workflows for X-ray ptychography; towards sustainable post-exascale leadership computing; SANReN's 100 Gbps data transfer service: transferring data fast!; framework for integrating machine learning methods for path-aware source routing; an Ising-based decision method for intra prediction mode in video coding; LLM-inference-bench: inference benchmarking of large language models on AI accelerators; ActorProf: a framework for profiling and visualizing fine-grained asynchronous bulk synchronous parallel execution; LIDC: a location independent multi-cluster computing framework for data intensive science; and Parsl+CWL: towards combining the Python and CWL ecosystems.,
3233,"Proceedings - 2024 IEEE International Conference on Cluster Computing Workshops, CLUSTER Workshops 2024","The proceedings contain 49 papers. The topics discussed include: performance insights into supporting Kokkos views in the Kokkos Comm MPI library; investigating Nvidia GPU architecture trends via microbenchmarks; PowerSched - managing power consumption in overprovisioned systems; optimizing idle power of HPC systems: practical insights and methods; calculating user-centric carbon footprints for HPC; microgrid integration with high performance computing systems for microreactor operation; power-efficiency variation on A64FX supercomputers and its application to system operation; towards improving resource allocation for multi-tenant HPC systems: an exploratory HPC cluster utilization case study; advanced visualization of power, temperature, and energy metrics in HPE Cray EX systems; and enabling high-throughput parallel I/O in particle-in-cell Monte Carlo simulations with openPMD and Darshan I/O monitoring.",
3236,"Proceedings of 2025 Supercomputing Asia Conference, SCA 2025","The proceedings contain 11 papers. The topics discussed include: improving the efficiency of a deep reinforcement learning-based power management system for HPC clusters using curriculum learning; anomaly detection in large-scale monitoring systems using a language model; should AI optimize your code? a comparative study of classical optimizing compilers versus current large language models; taming the overhead of hiding samples in deep neural network training; smart in-situ visualization using information entropy-based viewpoint selection and smooth camera path generation; nonlinear model predictive control based on nonlinear autoregressive exogenous model for energy efficient heat removal module in data centers; and empowering generative AI in enterprises: sustainable, high-performance storage solutions with global data fabric and data Lakehouse.",
3237,"Proceedings of the 22nd ACM International Conference on Computing Frontiers 2025 Workshops and Special Sessions, CF 2025 Companion",The proceedings contain 74 papers. The topics discussed include: classification of S-boxes according to hardware implementation cost; leveraging gem5 for hardware trojan research: simulation for machine-learning-based detection; open-source hardware and agile system-on-chip design; HEEPstor: an open-hardware co-design framework for quantized machine learning at the edge; Thundershot: an open-source autonomous vehicles research platform for embedded heterogeneous MPSoCs; SuperCode: sustainability PER AI-driven Co-design; POP3: advancing HPC performance and productivity; cutting-edge strategies for radiation effect estimation on asteroids space mission; and mitigating cross-domain SEU corruption in FPGA-based AI accelerators for space applications.,
3238,"WoSC11 2025 - Proceedings of the 11th International Workshop on Serverless Computing, Part of Middleware Conference",The proceedings contain 9 papers. The topics discussed include: HybridServe: adaptive WebAssembly-container runtime selection for edge serverless computing; assessing power usage effectiveness in serverless computing environments; Flexecutor: out-of-the-box smart provisioning for serverless workflows; elastic MIG reconfiguration with PCIe-aware placement for multi-tenant GPUs; GPUTail latency diagnosis for serverless and HPC workloads using eBPF; large language models for serverless function generation: an investigation on FaaS performance; manifesting the elasticity of serverless data pipelines: a metabolomics use case; sustainable serverless computing: a taxonomy of challenges and solutions; and illuminating the hidden challenges of serverless LLM systems.,
3241,SSW: Sustainable Supercomputing Workshop,,
3242,SSW: Sustainable Supercomputing Workshop,,
3245,"7th International Conference on Blockchain, Artificial Intelligence, and Trustworthy Systems, BlockSys 2025","The proceedings contain 110 papers. The special focus in this conference is on Blockchain, Artificial Intelligence, and Trustworthy Systems. The topics include: A Smart Contract Vulnerability Detection Method Based on Graph Neural Networks and Zero-Shot Learning; decentralized Data Trading Solutions with~Poisoning Attacks Defense; USCSafe: Identifying Permission Vulnerabilities in~Upgradeable Smart Contracts; SAFE: A Blockchain-Based Framework for~Secure Health Data Sharing with~Symmetric Encryption; the Impact of~Cryptographic Algorithm Performance on~Smart Contracts in~WebAssembly; a Survey of~Sharding Blockchains on~Performance and~Scalability; investigating Tornado Cash: Empirical Insights Into Mixing Service Anonymity; a Spam Detection Model With Federated Learning and~Large Language Model; secure and~Efficient Task Offloading with~Resource Allocation in~Vehicular Edge Computing; crowdsensing with~Federated Trust Management: Adaptive Defense Against Malicious Contributions; CDDSF: A Zero-Shot Domain Adaptation Framework for~Secure Solidity Code Search; cost-Aware Makespan Minimization for~Workflow Scheduling in~Trustworthy Heterogeneous Clouds; a Mutimodal Smart Contract Classification Method Based on~Hybrid Convolutional Neural Networks; computility Planning for~Sustainable Supercomputing Centers; research on Web Vulnerability Mining System Based on Machine Learning; A Survey on~Trustworthy Systems in~ChatGPT-Like Large-Scale Generative AI Models: Security, Interpretability, Reliability, and~Privacy Considerations; HMC-Driven Efficient Prediction of~SiC Ion Annealing; IEDD-Net: Industrial Endoscope Defect Detection Network Based on Improved YOLOv12n; research on Reliable Control Methods for Industrial Robotic Arms; adaptive Damage Detection Algorithm for Food Packaging Based on Deep Learning; Service Quality Improvement Strategy in Public Services: An NN-SHAP Analysis Model for Satisfaction Survey; feature-Fusion-Based Adaptive Architectural Crack Detection System; research on Vegetation Generation Technology for 3D Scenes Based on Multi-physics Field Coupling; pi 4B-Based Visual Navigation System for Low-Computing Power Intelligent Vehicles.",
3264,Low-Scalability Distributed Systems for Artificial Intelligence: A Comparative Study of Distributed Deep Learning Frameworks for Image Classification,"Artificial intelligence has experienced tremendous growth in various areas of knowledge, especially in computer science. Distributed computing has become necessary for storing, processing, and generating large amounts of information essential for training artificial intelligence models and algorithms that allow knowledge to be created from large amounts of data. Currently, cloud services offer products for running distributed data training, such as NVIDIA Deep Learning Solutions, Amazon SageMaker, Microsoft Azure, and Google Cloud AI Platform. These services have a cost that adapts to the needs of users who require high processing performance to perform their artificial intelligence tasks. This study highlights the relevance of distributed computing in image processing and classification tasks using a low-scalability distributed system built with devices considered obsolete. To this end, two of the most widely used libraries for the distributed training of deep learning models, PyTorch's Distributed Data Parallel and Distributed TensorFlow, were implemented and evaluated using the ResNet50 model as a basis for image classification, and their performance was compared with modern environments such as Google Colab and a recent Workstation. The results demonstrate that even with low scalability and outdated distributed systems, comprehensive artificial intelligence tasks can still be performed, reducing investment time and costs. With the results obtained and experiments conducted in this study, we aim to promote technological sustainability through device recycling to facilitate access to high-performance computing in key areas such as research, industry, and education. \textcopyright 2025 by the authors.",
3273,Efficient high performance computing with the ALICE event processing nodes GPU-based farm,"Due to the increase of data volumes expected for the LHC Run 3 and Run 4, the ALICE Collaboration designed and deployed a new, energy efficient, computing model to run Online and Offline (Formula presented.) data processing within a single software framework. The ALICE (Formula presented.) Event Processing Nodes (EPN) project performs online data reconstruction using GPUs (Graphic Processing Units) instead of CPUs and applies an efficient, entropy-based, online data compression to cope with Pb–Pb collision data at a 50 kHz hadronic interaction rate. Also, the (Formula presented.) EPN farm infrastructure features an energy efficient, environmentally friendly, adiabatic cooling system which allows for operational and capital cost savings. Copyright \textcopyright 2025 Ronchetti, Akishina, Andreassen, Bluhme, Dange, de Cuveland, Erba, Gaur, Hutter, Kozlov, Kr\vc\'al, La Pointe, Lehrbach, Lindenstruth, Ne\vskovi\'c, Redelbach, Rohr, Weiglhofer and Wilhelmi.",
3274,Optimizing energy consumption for data centers,"Big data applications have become increasingly popular with the appearance of cloud computing and green computing. Therefore, internet service providers (ISPs) need to build data centers for data storage and data processing under the cloud service pattern. However, data centers often consume a significant amount of energy and lead to pollutant emissions. In recent years, the high energy consumption and environmental pollution of data centers have become a pressing issue. This paper reviews the progress of energy-saving technologies in high-performance computing, energy conservation technologies for computer rooms and renewable energy applications during the construction and operation of data centers. From multiple perspectives of energy consumption, cost reduction, and environment protection, a comprehensive set of strategies are proposed to maximize data centers' efficiency and minimize the environmental impact. This paper also provides energy-saving trends for data centers in the future. \textcopyright 2016 Elsevier Ltd. All rights reserved.",
3287,The Double- Edged Sword: Evaluating the Climate Impact of Speech Processing Technologies,"Speech artificial intelligence has become central to digital life, yet its carbonfootprint is substantial. Training large-scale models requires high-performance computing, driving electricity demand and greenhouse gas emissions. While inference is lighter per task, billions of daily interactions on smartphones, smart speakers, and call centers magnify energy use. Indirect impacts include data centers, global networking, and device manufacturing, contributing embodied carbon and e-waste, worsened by always-listening devices and raphardware turnover. Uneven renewable energy adoption across regions deepens inequalities. To align with the Sustainable Development Goals, sustainable speech processing advances lightweight architectures, pruning, quantization, and hardware-software co-optimization. Strategies such as green data centers, edge deployment, and lifecycle assessment reflect a circular economy perspective, framing responsible AI as vital for balancing innovation, accessibility, and environmental stewardship. \textcopyright 2026, IGI Global Scientific Publishing. All rights reserved.",
3322,"Advanced climate model evaluation with ESMValTool v2.11.0 using parallel, out-of-core, and distributed computing","Earth system models (ESMs) allow numerical simulations of the Earth's climate system. Driven by the need to better understand climate change and its impacts, these models have become increasingly sophisticated over time, generating vast amounts of data. To effectively evaluate the complex state-of-the-art ESMs and ensure their reliability, new tools for comprehensive analysis are essential. The open-source community-driven Earth System Model Evaluation Tool (ESMValTool) addresses this critical need by providing a software package for scientists to assess the performance of ESMs using common diagnostics and metrics. In this paper, we describe recent significant improvements of ESMValTool's computational efficiency, which allow a more effective evaluation of these complex ESMs and also high-resolution models. These optimizations include parallel computing (execute multiple computation tasks simultaneously), out-of-core computing (process data larger than available memory), and distributed computing (spread computation tasks across multiple interconnected nodes or machines). When comparing the latest ESMValTool version with a previous not yet optimized version, we find significant performance improvements for many relevant applications running on a single node of a high-performance computing (HPC) system, ranging from 2.3 times faster runs in a multi-model setup up to 23 times faster runs for processing a single high-resolution model. By utilizing distributed computing on two nodes of an HPC system, these speedup factors can be further improved to 3.0 and 44, respectively. Moreover, evaluation runs with the latest version of ESMValTool also require significantly less computational resources than before, which in turn reduces power consumption and thus the overall carbon footprint of ESMValTool runs. For example, the previously mentioned use cases use 2.3 (multi-model evaluation) and 23 (high-resolution model evaluation) times less resources compared to the reference version on one HPC node. Finally, analyses which could previously only be performed on machines with large amounts of memory can now be conducted on much smaller hardware through the use of out-of-core computation. For instance, the high-resolution single-model evaluation use case can now be run with 8 GB of available memory despite an input data size of 35 GB, which was not possible with earlier versions of ESMValTool. This enables running much more complex evaluation tasks on a personal laptop than before. \textcopyright Author(s) 2025. This work is distributed under the Creative Commons Attribution 4.0 License.",
3354,Revising resource management and scheduling systems,"With the explosive growth of Internet-enabled cloud computing and HPC centers of all types, IT's energy consumption and sustainability impact are expected to continue climbing well into the future. Green IT recognizes this problem and efforts are under way in both industry and academia to address it. In this paper, we take into account green and performance aspects of resource management. Components of resource management system are explored in detail to seek new developments by exploiting contemporary emerging technologies, computing paradigms, energy efficient operations, etc. to define, design and develop new metrics, techniques, mechanisms, models, policies, and algorithms. In addition, modeling relationships within and between various layers are considered to present some novel approaches.",
3355,"Groundwater cooling of a supercomputer in Perth, Western Australia: hydrogeological simulations and thermal sustainability; [Refroidissement par eaux souterraines d'un superordinateur \`a Perth, Australie Occidentale: simulations hydrog\'eologiques et durabilit\'e thermique]; [Resfriamento por \'aguas subterr\^aneas em Perth, Austr\'alia Ocidental: simula\cc\~oes hidrogeol\'ogicas e sustentabilidade termal]; [Enfriamiento por agua subterr\'anea de una supercomputadora en Perth, Australia Occidental: simulaciones hidrogeol\'ogicas y sustentabilidad t\'ermica]","Groundwater cooling (GWC) is a sustainable alternative to conventional cooling technologies for supercomputers. A GWC system has been implemented for the Pawsey Supercomputing Centre in Perth, Western Australia. Groundwater is extracted from the Mullaloo Aquifer at 20.8~\textdegreeC and passes through a heat exchanger before returning to the same aquifer. Hydrogeological simulations of the GWC system were used to assess its performance and sustainability. Simulations were run with cooling capacities of 0.5 or 2.5 Mega Watts thermal (MWth), with scenarios representing various combinations of pumping rate, injection temperature and hydrogeological parameter values. The simulated system generates a thermal plume in the Mullaloo Aquifer and overlying Superficial Aquifer. Thermal breakthrough (transfer of heat from injection to production wells) occurred in 2.7–4.3~years for a 2.5 MWth system. Shielding (reinjection of cool groundwater between the injection and production wells) resulted in earlier thermal breakthrough but reduced the rate of temperature increase after breakthrough, such that shielding was beneficial after approximately 5 years pumping. Increasing injection temperature was preferable to increasing flow rate for maintaining cooling capacity after thermal breakthrough. Thermal impacts on existing wells were small, with up to 10 wells experiencing a temperature increase \geq 0.1~\textdegreeC (largest increase 6~\textdegreeC). \textcopyright 2015, Springer-Verlag Berlin Heidelberg.",
3368,Quantifying job-level carbon efficiency in HPC: an empirical study based on the PM100 dataset,"This study utilizes the PM100 dataset to quantitatively estimate job-level carbon emissions and analyze efficiency across different resource configurations. A multilayer perceptron (MLP) regression model was applied to predict emissions using execution time along with CPU, memory, and node-level power consumption data. To evaluate efficiency, we proposed the Carbon Efficiency Score (CES), which enables the classification of jobs into efficiency tiers. The analysis revealed that long-running jobs with excessive memory usage tend to exhibit low efficiency, whereas jobs with balanced resource configurations demonstrate relatively higher efficiency. CES-based classification further showed a difference of more than 200-fold between the most and least efficient jobs. Overall, this study provides a foundational framework for developing carbon-aware scheduling strategies in HPC environments and offers practical insights for the design of sustainable supercomputing operational policies. \textcopyright The Author(s) 2025.",
3373,Forecasting power-efficiency related key performance indicators for modern data centers using LSTMs,"Modern HPC and cloud data centers, being mission critical facilities, continue to grow in size and number as the amount of Internet and cloud-based services increases. Moreover, the recent hype in the usage of machine learning based technologies, requiring appropriate infrastructures for data storage and computational power, further pushes the need for modern data centers. This expenditure not only increases the operational costs, but also affects the environment by generating carbon footprints. Due to increased load on supporting power grids, some governmental organizations start to reconsider data center deployment procedures with an increased demand of renewable energy utilization and waste heat recovery. One of the challenges when powering data centers using renewable energy is the intermittent availability of the power. The dynamics of available power must be taken into account to maximize usage of accessible renewable energy while adhering to existing service level agreements as well as to thermal and power requirements. This requires a framework that can continuously match the actual behavior of the target computing infrastructure to the current availability of power and cooling. This paper introduces machine learning based approaches aiming to model various data center energy/power consumption related Key Performance Indicators (KPIs). A validation is performed using the multi-year operational data obtained at Leibniz Supercomputing Centre (LRZ). This framework is used as a building block for achieving a data center infrastructure-aware resource management and scheduling. \textcopyright 2020 Elsevier B.V.",
3383,Energy Analysis Of Rear Door Heat Exchangers In Data Centers With Spatial Workload Distribution,"Data centers have complex environments that undergo constant changes due to fluctuations in IT load, commissioning and decommissioning of IT equipment, heterogeneous rack architectures and varying environmental conditions. These dynamic factors often pose challenges in effectively provisioning cooling systems, resulting in higher energy consumption. To address this issue, it is crucial to consider data center thermal heterogeneity when allocating workloads and controlling cooling, as it can impact operational efficiency. Computational Fluid Dynamics (CFD) models are used to simulate data center heterogeneity and analyze the impact of two different cooling mechanisms on operational efficiency. This research focuses on comparing the cooling based on facility water for Rear Door Heat Exchanger (RDHx) and conventional Computer Room Air Conditioning (CRAH) systems in two different data center configurations. Efficiency is measured in terms of ∆T across facility water. Higher ∆T will result in efficient operation of chillers. The actual chiller efficiency is not calculated as it would depend on local ambient conditions in which the chiller is operated. The first data center model represents a typical enterprise-level configuration where all servers and racks have homogeneous IT power. The second model represents a colocation facility where server/rack power configurations are randomly distributed. These models predict temperature variations at different locations based on IT workload and cooling parameters. Traditionally, CRAH configurations are selected based on total IT power consumption, rack power density, and required cooling capacity for the entire data center space. On the other hand, RDHx can be scaled based on individual rack power density, offering localized cooling advantages. Multiple workload distribution scenarios were simulated for both CRAH and RDHx-based data center models. The results showed that RDHx provides a uniform thermal profile across the data center, irrespective of server/rack power density or workload distribution. This characteristic reduces the risk of over- or under-provisioning racks when using RDHx. Operational efficiency is compared in terms of difference in supply and return temperature of facility water for CRAH and RDHx units based on spatial heat dissipation and workload distribution. RDHx demonstrated excellent cooling capabilities while maintaining a higher \ensuremath\DeltaT, resulting in reduced cooling energy consumption, operational carbon footprint (?), and water usage. Copyright \textcopyright 2023 by ASME.",
3426,Performance of a high-order MPI-Kokkos accelerated fluid solver,"This work discusses the performance of a modern numerical scheme for fluid dynamical problems on modern high-performance computing (HPC) architectures. Our code implements a spatial nodal discontinuous Galerkin (NDG) scheme that we test up to an order of convergence of eight. It is temporally coupled to a set of Runge-Kutta (RK) methods of orders up to six. The code integrates the linear advection equations as well as the isothermal Euler equations in one, two, and three dimensions. In order to target modern hardware involving many-core Central Processing Units (CPUs) and accelerators such as Graphic Processing Units (GPUs) we use the Kokkos library in conjunction with the Message Passing Interface (MPI) to run our single source code on various NVidia and AMD GPU systems. By means of one- and two-dimensional simulations of simple test equations we find that the higher the order the faster is the code. Eighth-order simulations attain a given global error with much less computing time than third- or fourth-order simulations. The RK scheme has a smaller impact on the code performance and a classical fourth-order scheme seems to generally be a good choice. The code performs very well on all considered HPC GPUs. We observe very good scaling properties up to 64 AMD MI250x GPUs and we show that the scaling properties are the same in two and three dimensions. The many-CPU performance is also very good and perfect weak scaling is observed up to many hundreds of CPU cores using MPI. We note that small grid-size simulations are faster on CPUs than on GPUs while GPUs win significantly over CPUs for simulations involving more than 10<sup>7</sup> degrees of freedom (\approx3100<sup>2</sup> grid points). When it comes to the environmental impact of numerical simulations we estimate that GPUs consume less energy than CPUs for large grid-size simulations but more energy on small grids. Further, we observe a tendency that the more modern is the GPU the larger needs to be the grid in order to use it efficiently. This yields a rebound effect because larger simulations need longer computing times and in turn more energy that is not compensated by the energy efficiency gain of the newer GPUs. \textcopyright 2025 The Author(s)",
3437,The imperative to reduce carbon emissions in astronomy,"For astronomers to make a significant contribution to the reduction of climate change-inducing greenhouse gas emissions, we first must quantify the sources of our emissions and review the most effective approaches for reducing them. Here we estimate that Australian astronomers' total greenhouse gas emissions from their regular work activities are \greaterequivlnt25 ktCO<sub>2</sub>e yr<sup>–1</sup> (equivalent kilotonnes of carbon dioxide per year). This can be broken into ~15 ktCO<sub>2</sub>e yr<sup>–1</sup> from supercomputer usage, ~4.2 ktCO<sub>2</sub>e yr<sup>–1</sup> from flights (where individuals' flight emissions correlate with seniority), >3.3 ktCO<sub>2</sub>e yr<sup>–1</sup> from the operation of observatories, and 2.6 \pm 0.4 ktCO<sub>2</sub>e yr<sup>–1</sup> from powering office buildings. Split across faculty scientists, postdoctoral researchers and PhD students, this averages to \greaterequivlnt37 tCO<sub>2</sub>e yr<sup>–1</sup> per astronomer, more than 40\% greater than the average Australian non-dependant's emissions in total, and equivalent to around five times the global average. To combat these environmentally unsustainable practices, we suggest that astronomers should strongly preference the use of supercomputers, observatories and office spaces that are predominantly powered by renewable energy sources. Where current facilities do not meet this requirement, their funders should be lobbied to invest in renewables, such as solar or wind farms. Air travel should also be reduced wherever possible, replaced primarily by video conferencing, which should also promote inclusivity. \textcopyright 2020, Springer Nature Limited.",
3486,Time To Develop A Digital Twin For The Hpc Data Center,"High-performance computing (HPC) data centers are facing increasing energy consumption, even though there is a pressing need for greater efficiency. By 2030, these facilities are projected to account for 13\% of global energy demand, and this could rise to as much as 21\%. Furthermore, HPC data centers are expected to contribute 8\% of global carbon emissions, which can result in substantial operational costs, threats to power security, and environmental challenges. Traditional methods such as heuristics, statistics, and engineering approaches have proven ineffective in enhancing energy efficiency due to the vast number of configurations, complex non-linear parameter interactions, and the enormous volume of operational data involved. Therefore, optimizing data centers-particularly HPC clusters-has become a critical issue. The integration of the Internet of Things (IoT), sensors, and intelligent devices has significantly increased the generation of operational management data from various aspects of the data center industry. By effectively modeling and processing this data, it is possible to improve energy efficiency, ensure reliability, reduce operating costs, and sustainably manage data centers. The authors propose a holistic approach that utilizes a Blockchain Digital Twin framework, enhanced by Artificial Intelligence (AI) processed data, to represent the physical complexities of data centers in virtual and tokenized models. The goal of this approach is to achieve real-time prediction, optimization, monitoring, control, and improved decision-making. Specifically, the methodology, architecture, and steps taken to develop a scalable analytical dashboard using Blockchain technology are detailed. This pioneering Blockchain Digital Twin approach has been tested in a real-world setting, specifically at the ENEA HPC Cluster known as CRESCO7. This system learns from actual operational data and enables real-time management, monitoring, and control, allowing for comprehensive visibility into the status of the data center and optimizing its functionalities. The authors also aim to demonstrate the benefits of the Blockchain Digital Twin approach for various stakeholders involved in the data center ecosystem. \textcopyright 2025 IADIS Press. All rights reserved.",
3499,Maturation Of Pumped Two-phase Liquid Cooling To Commercial Scale-up Deployment,"Applying cold plates to primary heat sources of high-performance compute (HPC) or Artificial Intelligence (AI) servers and pumping refrigerant through them is known as pumped two-phase (P2P) liquid cooling. Refrigerant to air (RA) and refrigerant to liquid (RL) versions of P2P direct to chip liquid cooling of artificial intelligence/machine learning (AI/ML) IT equipment have been developed and their performance was evaluated at commercial scale. P2P captures heat from the silicon and transports it to outdoor air. Matching silicon power map to the cold plate is critical and its design is in the IT manufacturer's domain. Therefore, collaboration with transport system designer is necessary for optimized P2P performance. The transport system includes working fluid conveyance from coolant distribution unit (CDU) pump to an array of two-phase cold plates, return to CDU condenser, and back to CDU pump. The condenser transfers heat from the secondary fluid, refrigerant, to primary fluid which is either the whitespace air of an air-cooled data center or facility cooling system of an economized chiller. Important performance parameters demonstrated in this paper include distribution and flow regulation of necessary refrigerant flow to each set of cold plate array; stability of CDU operation over the full range of zero to 100\% IT load and during transient and asymmetric IT loading; CDU stable operation at startup as server population varies from zero to full population and while hot-swapping servers from racks. Demonstration of safe operation during abnormal conditions including pump switch over and loss of heat rejection is discussed. Lessons learned are included from commissioning P2P CDU and flow conveyance including charging, flushing, and start-up. Advantages of P2P in achieving sustainability goals and insights into a TCO analysis of RA and RW comparing 1P to 2P LC are discussed. Copyright \textcopyright 2024 by ASME.",
3516,Energy-Efficient Integrated Photonics for Next-Generation Computing,"Integrated photonic computing promises revolutionary strides in processing power, energy efficiency, and speed, propelling us into an era of unprecedented computational capabilities. By harnessing the innate properties of light, such as high-speed propagation, inherent parallel processing capabilities, and the ability to carry vast amounts of information, photonic computing transcends the limitations of traditional electronic architectures. Furthermore, silicon photonic neural networks hold promise to transform artificial intelligence by enabling faster training and inference with significantly reduced power consumption. This potential leap in efficiency could revolutionize data centers, high-performance computing, and edge computing, minimizing environmental impact while expanding the boundaries of computational possibilities. The latest research on our silicon photonic platform for next-generation optical compute accelerators will be presented and discussed. \textcopyright 2024 SPIE.",
3557,Towards Energy Efficiency of HPC Data Centers: A Data-Driven Analytical Visualization Dashboard Prototype Approach,"High-performance computing (HPC) data centers are experiencing rising energy consumption, despite the urgent need for increased efficiency. In this study, we develop an approach inspired by digital twins to enhance energy and thermal management in an HPC facility. We create a comprehensive framework that incorporates a digital twin for the CRESCO7 supercomputer cluster at ENEA in Italy, integrating data-driven time series forecasting with an interactive analytical dashboard for resource prediction. We begin by reviewing relevant literature on digital twins and modern time series modeling techniques. After ingesting and cleansing sensor and job scheduling datasets, we perform exploratory and inferential analyses to understand key correlations. We then conduct descriptive statistical analyses and identify important features, which are used to train machine learning models for accurate short- and medium-term forecasts of power and temperature. These models feed into a simulated environment that provides real-time prediction metrics and a holistic ``health score'' for each node, all visualized in a dashboard built with Streamlit. The results demonstrate that a digital twin-based approach can help data center operators efficiently plan resources and maintenance, ultimately reducing the carbon footprint and improving energy efficiency. The proposed framework uniquely combines concepts inspired by digital twins with time series machine learning and interactive visualization for enhanced HPC energy planning. Key contributions include the novel integration of predictive models into a live virtual replica of the HPC cluster, employing a gradient-boosted tree-based LightGBM model. Our findings underscore the potential of data-driven digital twins to facilitate sustainable and intelligent management of HPC data centers. \textcopyright 2025 by the authors.",
3558,An in-depth study of GPU frequency-scaling latency and its optimization on modern architectures,"The move towards the exascale systems in High-Performance Computing and the demand for Artificial Intelligence brought together thousands of CPUs and even more GPU accelerators. This massive hardware consolidation has made energy optimization a critical challenge. The immense amount of energy consumption creates a cascade of secondary issues: it increases the carbon footprint, generates significant heat that demands advanced cooling, and causes dramatic power fluctuations that threaten the stability of the electrical grid. Although energy-saving techniques based on Dynamic Voltage and Frequency Scaling are well understood for CPUs, a critical knowledge gap exists for GPU accelerators, limiting the ability to apply similar optimizations.This paper presents a method for measuring how long it takes the CPU to adjust the operating frequency of the GPU (switching latency), and how long the frequency change itself takes to complete (transition latency). The approach employs a minimal iterative workload that allows statistically distinguishing runtime differences between frequency pairs. It first measures execution times for each frequency and then determines the switching and transition latency of the change from an initial to a target frequency by tracking runtime changes and repeating measurements to ensure statistical robustness. Finally, the methodology filters out outliers from external factors such as driver management or system interruptions.The methodology is implemented in the open-source LATEST [1] tool with support for NVIDIA GPU accelerators. It is evaluated on three GPUs based on different generations of architecture, GH200, A100–SXM4, and RTX Quadro 6000. These results show that the transition latency takes from hundreds of microseconds up to hundreds of milliseconds, while the absolute majority of the time is spent in the GPU applying the frequency change. From the analysed GPUs, the GH200 exhibited the widest range, with switching latencies spanning from 5.6 ms to 477 ms and transition latencies from 0.2 ms to 471 ms. Additionally, the transition latency measurement can be used to identify manufacturing variability of accelerators, showing differences in frequency scaling reactivity.Our analysis identifies specific frequency pairs with high switching latencies, creating a challenge that the slow transitions discourage their use, yet the target frequencies themselves may be highly efficient in terms of energy consumption. To address this, we introduce an indirect switching method that leverages an intermediate frequency. This technique effectively circumvents overhead, allowing the system to access these efficient frequency states without the high latency penalty of a direct transition. The use of the indirect frequency switching technique produced a latency reduction between 250 and 431 ms, for a single frequency change on GH200. \textcopyright 2025 Elsevier B.V. All rights are reserved, including those for text and data mining, AI training, and similar technologies.",
3579,Life cycle analysis for emissions of scientific computing centres,"We propose a dedicated model to assist with the life cycle analysis of emissions of scientific computing centres. The model takes into account both the embodied carbon and emissions from use, as well as other factors such as data centre power usage efficiency, data centre expansion, hardware replacement, increase in energy efficiency of next-generation hardware, reduction in carbon intensity of the electricity supply and potential for heat reuse. If differs from existing models in its detailed handling of hardware embodied carbon and time dependency of various factors affecting the emissions. We present a number of scenarios where we apply the model to real-life HPC centres in different countries to illustrate how the trade-offs depend on the various factors and validate our model against the literature. \textcopyright The Author(s) 2025.",
3601,District heating utilizing waste heat of a data center: High-temperature heat pumps\ding73,"Data centers are energy-intensive facilities with substantial low-grade waste heat. High-temperature heat pumps can be critical in boosting the data center's waste heat for district heating, improving the system-level energy efficiency of data centers, and reducing CO<sub>2</sub> emissions in district heating. This study built thermodynamic models to assess high-temperature heat pumps with six configurations using low global warming potential refrigerants to supply heat up to 120 \textdegreeC. The heat pump configurations include single-stage or two-stage cycles with advanced components, such as internal heat exchanger, economizer, flash tank, or parallel compressor. The refrigerants include R1234ze(Z), R1233ed(E), R1224yd(Z), R600, and R600a, and R245fa is used as a reference. A case study was carried out to recover the waste heat from the Frontier high-performance computing data center and provide hot water for district heating at the US Department of Energy's Oak Ridge National Laboratory campus. The optimized performance of high-temperature heat pumps is characterized with various effectiveness of internal heat exchangers, and the operating parameters of economizer or flash tank, as well as their combination. The results show that the configurations of two-stage cycles with internal heat exchanger + flash tank and internal heat exchanger + economizer/parallel-compressor provide the highest coefficient of performance under scenarios of the maximum allowable value and a fixed value (0.3) of the internal heat exchangers' effectiveness, respectively. R1234ze(Z) and R600a are the most promising refrigerants, considering trade-offs between the coefficient of performance and the volumetric heating capacity. The single-stage cycle with internal heat exchanger + economizer/parallel-compressor using R1234ze(Z) is recommended for utilizing Fronter's waste heat in district heating. A one mega-watt high-temperature heat pump will reduce 33,100–33,200 metric tons of CO2 emission annually, corresponding to 85.4 \%–85.6 \% of equivalent CO2 emissions from natural gas boilers. This study provides good guidelines for designing and deploying high-temperature heat pumps to support sustainable data centers and decarbonize district heating in the US. \textcopyright 2024 Elsevier B.V.",
3611,Green AI: Balancing Innovation With Environmental Sustainability,"This chapter examines the environmental impact of artificial intelligence (AI) and explores strategies to align AI development with sustainability goals. As AI-driven technologies expand, their energy consumption and carbon footprint present significant challenges, particularly in the operation of data centers and high-performance computing infrastructure. This chapter analyzes AI's dual role as both a contributor to environmental challenges and a tool for sustainability. It discusses AI's carbon footprint and AI's potential to drive climate action. Policy interventions, such as financial incentives, regulations for data centers, and carbon offset initiatives, are also examined. By integrating sustainability into AI development, this chapter provides a framework for fostering Green AI that minimizes ecological impact while leveraging AI's capabilities for global sustainability efforts. \textcopyright 2025 by IGI Global Scientific Publishing. All rights reserved.",
3642,Sustainable Supercomputing (SusSup23),,
3657,Using Clean Energy Satellites to Interpret Imagery: A Satellite IoT Oriented Lightweight Object Detection Framework for SAR Ship Detection,"This paper studies the lightweight deep learning object detection algorithm to detect ship targets in SAR images that can be deployed on-orbit and accessed in the space-based IoT. Traditionally, remote sensing data must be transferred to the ground for processing. With the vigorous development of the commercial aerospace industry, computing, and high-speed laser inter-satellite link technologies, the interconnection of everything in the intelligent world has become an irreversible trend. Satellite remote sensing has entered the era of a big data link with IoT. On-orbit interpretation gives remote sensing images expanse application space. However, implementing on-orbit high-performance computing (HPC) is difficult; it is limited by the power and computer resource consumption of the satellite platform. Facing this challenge, building a processing algorithm with less computational complexity, less parameter quantity, high precision, and low computational power consumption is a key issue. In this paper, we propose a lightweight end-to-end SAR ship detector fused with the vision transformer encoder: YOLO-ViTSS. The experiment shows that YOLO-ViTSS has lightweight features, the model size is only 1.31 MB; it has anti-noise capability is suitable for processing SAR remote sensing images with native noise, and it also has high performance and low training energy consumption with 96.6 mAP on the SSDD dataset. These characteristics make YOLO-ViTSS suitable for porting to satellites for on-orbit processing and online learning. Furthermore, the ideas proposed in this paper help to build a cleaner and a more efficient new paradigm for remote sensing image interpretation. Migrating HPC tasks performed on the ground to on-orbit satellites and using solar energy to complete computing tasks is a more environmentally friendly option. This environmental advantage will gradually increase with the current construction of large-scale satellite constellations. The scheme proposed in this paper helps to build a novel real-time, eco-friendly, and sustainable SAR image interpretation mode. \textcopyright 2022 by the authors.",
3706,From energy to ecology: decarbonization pathways for sustainable high-performance computing through global carbon-energy nexus analysis,"Introduction: High-performance computing (HPC) has been a pivotal driving force of technological development. Methods: This study evaluates the environmental impact of HPC by analyzing energy consumption and carbon emissions across major global centers. We analyzed data from the top 500 HPC centers, using linear regression to fill in missing values for max power due to a high Pearson correlation. The representativeness of the TOP500 dataset was validated via distribution fitting and Monte Carlo simulations, confirming that it captures over 99.8\% of high-end global HPC power consumption. Results: (1) Applying a logistic model to relate the average utilization rate of the four major countries to the ratio of HPC market size to the number of centers (R<sup>2</sup> = 0.775). Global annual energy consumption ranges from 2.3–4.2 billion kW\cdoth at average utilization, with the US accounting for 1.68 billion kW\cdoth. (2) Carbon footprint calculations using energy mix data (2016–2022) incorporated an Environmental Impact Index (EII) to weigh ecological sensitivity, linking CO<sub>2</sub> emissions to a 0.5\% GDP loss per trillion tons, totaling \$2.18 million in economic losses. (3) Forecasting models projected 2030 emissions at 1.071 \texttimes 10<sup>20</sup> kg under average utilization with sobol analysis demonstrating marginal energy consumption fluctuations due to uncertainty. (4) Renewable energy adoption analysis showed strong inverse correlations between clean energy use and emissions in the US (R<sup>2</sup> = 0.904), China (R<sup>2</sup> = 0.99), and Germany (R<sup>2</sup> = 0.779), while quantifying air pollutants like SO<sub>2</sub>, NOx and PM10. (5) The combined differential equation and regression models captured the dynamic evolution of energy efficiency and its impact on energy consumption, revealing through 2025 projections that policy incentives can substantially enhance energy efficiency (from 21.22 to 30.90) while reducing energy consumption (from 0.3449 to 0.3278). Discussion: This study underscores the urgency of balancing HPC growth with sustainability through renewable integration and operational efficiency. Copyright \textcopyright 2025 Yu, Wang, Xu, Shun and Chen.",
3711,Early experiences with saving energy in direct interconnection networks,"Energy is emerging to become one of the most crucial factors in design decisions for future large scale computing systems. Especially Exascale-installations will have to operate within hard power and energy constraints. Besides economical reasons, power consumption is also limited by a limited power distribution, cooling capabilities, and minimization of carbon footprints. While other components, such as processors, become more and more energy-proportional, interconnects are still highly energy-disproportional. Although interconnection networks are contributing only about 10-20\% to the overall power consumption of High-Performance Computing (HPC) or Cloud systems, this fraction is likely to increase significantly in the near future. Therefore, power saving strategies are mandatory for improving energy efficiency and thereby performance within hard power constraints. In this work, we introduce a simple energy saving strategy, which switches links on and off, depending on the user's performance constraints. Therefore, we adapted an existing OMNeT++ network simulator by adding new energy features. This simulator allows us to run traces of real world applications, including LULESH, NAMD, and Graph500 with different configurations. We show that this policy enables possible energy savings of up to 39\% in interconnection networks. Furthermore, we demonstrate the impact of hardware design parameters, such as transition time, on possible power saving strategies. \textcopyright 2017 IEEE.",
3713,Ubiquitous green computing techniques for high demand applications in smart environments,"Ubiquitous sensor network deployments, such as the ones found in Smart cities and Ambient intelligence applications, require constantly increasing high computational demands in order to process data and offer services to users. The nature of these applications imply the usage of data centers. Research has paid much attention to the energy consumption of the sensor nodes in WSNs infrastructures. However, supercomputing facilities are the ones presenting a higher economic and environmental impact due to their very high power consumption. The latter problem, however, has been disregarded in the field of smart environment services. This paper proposes an energy-minimization workload assignment technique, based on heterogeneity and application-awareness, that redistributes low-demand computational tasks from high-performance facilities to idle nodes with low and medium resources in the WSN infrastructure. These non-optimal allocation policies reduce the energy consumed by the whole infrastructure and the total execution time. \textcopyright 2012 by the authors; licensee MDPI, Basel, Switzerland.",
3758,TopADDPi: An Affordable and Sustainable Raspberry Pi Cluster for Parallel-Computing Topology Optimization,"Parallel-Computing Topology Optimization (PCTO) has gained importance, especially with the advancement of additive manufacturing (AM), due to its ability to tackle high-dimensional, high-resolution challenges. PCTO is highly relevant to sustainable manufacturing processes and technologies, enabling resource-efficient designs, reduced emissions, and advancements in Industry 4.0 integration. However, PCTO poses difficulties for newcomers or researchers, mainly because of its reliance on non-traditional computing environments and the limited availability of high-performance computing (HPC) resources. Addressing this, the study introduces TopADDPi, a Raspberry Pi-based cluster system, which has been purpose-built to facilitate learning and research in PCTO. It provides detailed instructions for assembling and configuring a Raspberry Pi cluster, with a focus on cost-effectiveness and ease of use. The study thoroughly investigates how different hardware and software configurations affect computing efficiency. In addition, through extensive numerical testing, the performance, energy consumption, and environmental impact of the Raspberry Pi cluster are benchmarked against conventional computing systems. The findings demonstrate the cluster's advantages in handling parallel computing, its indispensable role in debugging, its remarkable energy efficiency, and its significantly reduced carbon footprint compared to conventional systems. These attributes establish the Raspberry Pi cluster as an invaluable tool for both educational and research applications in structural engineering, offering an affordable, sustainable, and indispensable solution for PCTO. \textcopyright 2025 by the authors.",
